drawDate,digit1,digit2,digit3,digit4,digit5,digit6
9/14/2022,21,25,28,39,41,45
9/14/2022,9,33,38,41,42,49
9/10/2022,1,4,12,19,43,44
9/10/2022,17,21,24,29,48,52
9/7/2022,1,6,31,35,37,49
9/7/2022,3,8,15,17,21,44
9/3/2022,7,16,23,33,50,51
9/3/2022,10,11,16,23,49,50
8/31/2022,8,13,30,32,36,49
8/31/2022,9,10,13,18,27,53
8/27/2022,6,18,28,30,41,44
8/27/2022,1,18,29,38,43,44
8/24/2022,5,7,16,21,30,35
8/24/2022,22,29,38,39,43,53
8/20/2022,17,28,29,38,49,50
8/20/2022,9,31,43,45,50,53
8/17/2022,5,11,20,24,29,35
8/17/2022,11,12,15,16,37,43
8/13/2022,6,15,17,20,47,49
8/13/2022,3,11,25,45,51,52
8/10/2022,6,11,40,42,47,50
8/10/2022,3,7,32,44,45,47
8/6/2022,4,10,12,26,34,51
8/6/2022,7,25,32,33,44,47
8/3/2022,3,9,18,19,25,40
8/3/2022,6,12,21,30,35,50
7/30/2022,6,7,9,25,45,50
7/30/2022,6,16,24,31,45,51
7/27/2022,20,23,25,26,36,50
7/27/2022,12,17,20,31,32,48
7/23/2022,7,11,20,32,42,51
7/23/2022,7,11,34,39,40,47
7/20/2022,27,32,36,38,40,48
7/20/2022,3,22,29,36,39,41
7/16/2022,2,4,13,23,39,40
7/16/2022,2,4,28,36,46,48
7/13/2022,13,21,24,31,32,33
7/13/2022,3,8,10,22,43,53
7/9/2022,2,9,33,37,40,47
7/9/2022,1,3,5,27,34,52
7/6/2022,7,18,20,40,43,45
7/6/2022,19,34,39,44,48,51
7/2/2022,3,5,9,20,34,47
7/2/2022,24,31,37,40,48,52
6/29/2022,5,8,23,31,40,52
6/29/2022,1,6,9,26,43,45
6/25/2022,2,3,7,22,36,43
6/25/2022,1,16,22,28,43,49
6/22/2022,19,20,24,32,51,52
6/22/2022,11,12,17,39,51,52
6/18/2022,9,37,42,44,45,50
6/18/2022,4,12,20,29,32,53
6/15/2022,10,14,15,23,41,48
6/15/2022,11,20,24,27,48,50
6/11/2022,1,9,38,45,51,52
6/11/2022,13,23,32,36,44,45
6/8/2022,2,8,9,15,43,50
6/8/2022,10,19,23,46,47,50
6/4/2022,1,2,8,13,19,50
6/4/2022,11,21,29,41,48,51
6/1/2022,11,15,33,38,42,51
6/1/2022,10,29,40,41,47,51
5/28/2022,2,7,14,16,28,30
5/28/2022,9,17,19,20,26,47
5/25/2022,4,13,29,32,46,53
5/25/2022,7,8,12,17,23,44
5/21/2022,23,27,31,35,47,49
5/21/2022,3,11,23,29,52,53
5/18/2022,5,13,26,29,34,45
5/18/2022,7,17,34,40,41,52
5/14/2022,5,6,11,17,24,33
5/14/2022,13,19,28,31,39,50
5/11/2022,3,5,6,7,8,10
5/11/2022,16,22,33,40,44,52
5/7/2022,22,30,33,37,44,53
5/7/2022,1,25,27,35,52,53
5/4/2022,7,9,11,37,41,48
5/4/2022,2,22,27,40,42,51
4/30/2022,4,5,10,38,39,46
4/30/2022,2,24,26,36,39,48
4/27/2022,6,27,38,48,49,52
4/27/2022,1,7,20,33,42,48
4/23/2022,2,13,27,30,39,42
4/23/2022,4,6,14,19,33,41
4/20/2022,3,13,32,33,38,50
4/20/2022,8,12,16,20,46,50
4/16/2022,27,37,39,40,44,47
4/16/2022,1,9,23,28,39,50
4/13/2022,21,30,38,43,48,49
4/13/2022,9,21,23,26,29,37
4/9/2022,2,26,38,40,43,50
4/9/2022,2,17,39,42,44,46
4/6/2022,5,7,10,26,36,48
4/6/2022,13,18,20,22,36,44
4/2/2022,4,13,23,25,28,45
4/2/2022,10,14,18,25,40,45
3/30/2022,5,9,25,44,47,48
3/30/2022,12,30,34,41,42,52
3/26/2022,18,22,24,48,51,53
3/26/2022,1,11,16,21,45,47
3/23/2022,6,9,12,17,19,41
3/23/2022,11,15,24,32,36,39
3/19/2022,1,9,16,25,31,32
3/19/2022,6,8,35,38,49,52
3/16/2022,8,27,34,36,38,50
3/16/2022,14,29,39,40,51,53
3/12/2022,17,21,25,31,40,44
3/12/2022,3,10,11,20,25,48
3/9/2022,2,12,14,24,48,50
3/9/2022,1,8,20,23,36,53
3/5/2022,9,12,13,19,21,31
3/5/2022,4,8,33,39,41,53
3/2/2022,16,32,35,39,40,43
3/2/2022,3,20,33,37,42,49
2/26/2022,21,23,34,35,38,39
2/26/2022,7,9,25,31,36,49
2/23/2022,8,24,35,36,45,52
2/23/2022,2,8,9,11,39,53
2/19/2022,15,26,36,43,44,53
2/19/2022,18,21,29,31,37,40
2/16/2022,2,10,18,29,31,49
2/16/2022,7,18,22,30,41,49
2/12/2022,2,6,13,16,32,47
2/12/2022,8,11,30,39,42,53
2/9/2022,7,9,35,38,45,47
2/9/2022,1,3,5,9,25,26
2/5/2022,4,6,36,39,42,44
2/5/2022,2,6,21,40,51,52
2/2/2022,5,17,26,47,52,53
2/2/2022,26,33,37,38,39,41
1/29/2022,17,22,26,33,39,47
1/29/2022,16,28,31,32,34,47
1/26/2022,9,15,17,25,45,46
1/26/2022,2,9,30,38,41,51
1/22/2022,9,24,32,39,51,52
1/22/2022,15,33,40,41,43,53
1/19/2022,5,12,30,31,48,49
1/19/2022,6,9,17,33,35,36
1/15/2022,13,18,22,40,45,50
1/15/2022,5,11,16,22,26,48
1/12/2022,2,9,17,33,34,35
1/12/2022,1,5,17,23,40,46
1/8/2022,9,13,28,38,48,49
1/8/2022,5,9,11,20,22,43
1/5/2022,9,38,42,45,48,51
1/5/2022,6,18,25,32,46,50
1/1/2022,2,8,20,31,39,51
1/1/2022,3,4,6,17,30,53
12/29/2021,10,14,15,27,35,45
12/29/2021,5,27,35,38,48,49
12/25/2021,2,8,27,40,43,47
12/25/2021,6,13,19,46,50,53
12/22/2021,7,19,27,40,44,46
12/22/2021,1,25,34,42,44,48
12/18/2021,6,7,15,25,27,42
12/18/2021,13,23,32,34,46,47
12/15/2021,4,13,23,39,44,46
12/15/2021,19,21,23,29,43,46
12/11/2021,9,37,41,43,45,51
12/11/2021,29,33,34,38,44,51
12/8/2021,16,18,25,30,49,50
12/8/2021,16,21,28,33,37,43
12/4/2021,9,15,19,20,24,47
12/4/2021,10,12,24,27,37,48
12/1/2021,15,22,25,27,36,45
12/1/2021,11,21,25,32,43,50
11/27/2021,2,3,6,12,20,51
11/27/2021,7,8,27,28,47,51
11/24/2021,6,10,22,25,28,48
11/24/2021,7,8,16,21,30,32
11/20/2021,8,11,26,29,40,44
11/20/2021,1,8,13,21,32,34
11/17/2021,13,19,31,36,41,51
11/17/2021,7,20,27,29,38,52
11/13/2021,1,4,10,13,24,45
11/13/2021,16,21,23,27,46,50
11/10/2021,9,20,31,32,40,45
11/10/2021,8,12,14,39,43,48
11/6/2021,2,5,19,30,31,46
11/6/2021,6,10,16,40,46,48
11/3/2021,22,29,42,46,47,52
11/3/2021,1,11,29,35,36,46
10/30/2021,22,31,35,43,44,51
10/30/2021,1,5,18,20,40,49
10/27/2021,13,15,22,30,31,32
10/27/2021,1,3,4,15,17,48
10/23/2021,2,6,34,36,44,50
10/23/2021,7,10,15,42,44,49
10/20/2021,14,26,27,38,40,45
10/20/2021,6,12,26,28,33,45
10/16/2021,10,21,27,30,31,32
10/16/2021,5,22,38,39,47,52
10/13/2021,1,13,23,28,33,38
10/13/2021,10,18,27,43,47,49
10/9/2021,19,20,30,36,44,51
10/9/2021,12,23,26,27,46,49
10/6/2021,8,25,31,37,50,53
10/6/2021,2,8,29,31,36,43
10/2/2021,16,23,27,32,48,50
10/2/2021,1,13,39,40,44,48
9/29/2021,17,26,35,45,52,53
9/29/2021,4,9,15,26,36,45
9/25/2021,4,7,13,22,32,50
9/25/2021,7,12,15,28,38,53
9/22/2021,9,16,29,33,43,45
9/22/2021,8,16,22,25,35,45
9/18/2021,16,17,30,31,40,44
9/18/2021,3,7,11,19,25,30
9/15/2021,3,6,29,31,44,46
9/15/2021,10,15,25,38,40,42
9/11/2021,1,22,49,50,51,53
9/11/2021,9,20,24,25,33,34
9/8/2021,19,24,25,28,36,41
9/8/2021,22,31,35,36,46,48
9/4/2021,12,13,19,21,42,53
9/4/2021,2,11,28,37,42,51
9/1/2021,1,13,18,21,37,43
9/1/2021,1,9,12,13,24,27
8/28/2021,2,5,9,18,22,25
8/28/2021,4,11,21,23,27,38
8/25/2021,12,17,18,22,36,52
8/25/2021,15,16,25,42,47,53
8/21/2021,28,30,34,40,46,49
8/21/2021,1,5,13,16,49,53
8/18/2021,12,21,31,40,43,53
8/18/2021,1,3,4,7,15,35
8/14/2021,10,18,26,37,43,53
8/14/2021,14,22,24,30,35,39
8/11/2021,3,23,33,37,38,45
8/11/2021,10,14,16,34,38,47
8/7/2021,10,14,16,27,41,47
8/7/2021,20,25,33,36,51,52
8/4/2021,14,19,25,30,37,40
8/4/2021,3,5,11,27,36,44
7/31/2021,4,5,12,37,49,50
7/31/2021,18,23,34,38,46,47
7/28/2021,11,27,28,31,47,48
7/28/2021,3,8,31,32,47,52
7/24/2021,7,13,18,21,32,48
7/24/2021,18,26,31,38,43,53
7/21/2021,3,25,33,47,51,53
7/21/2021,2,15,18,22,36,49
7/17/2021,1,2,5,15,31,49
7/17/2021,2,14,18,25,30,50
7/14/2021,10,15,21,31,32,53
7/14/2021,11,15,16,18,48,52
7/10/2021,2,10,13,33,39,48
7/10/2021,3,13,25,50,52,53
7/7/2021,7,11,15,37,45,51
7/7/2021,11,14,23,24,27,41
7/3/2021,20,25,35,37,39,48
7/3/2021,17,22,40,42,43,46
6/30/2021,7,14,16,19,28,34
6/30/2021,11,23,28,31,43,48
6/26/2021,6,15,22,25,33,44
6/26/2021,6,16,17,18,24,41
6/23/2021,10,14,35,42,50,52
6/23/2021,10,12,19,39,51,53
6/19/2021,5,18,25,30,47,48
6/19/2021,2,18,19,27,33,52
6/16/2021,8,14,20,28,44,46
6/16/2021,1,17,43,45,46,50
6/12/2021,8,11,22,46,47,48
6/12/2021,8,12,13,24,42,43
6/9/2021,9,10,11,18,34,46
6/9/2021,14,26,31,32,33,34
6/5/2021,9,15,18,19,25,30
6/5/2021,11,19,22,30,46,49
6/2/2021,15,20,23,37,43,52
6/2/2021,10,21,36,37,48,52
5/29/2021,21,27,35,41,49,52
5/29/2021,9,19,20,22,46,48
5/26/2021,4,6,16,25,28,52
5/26/2021,4,13,14,17,21,35
5/22/2021,12,15,18,24,52,53
5/22/2021,8,11,23,26,37,49
5/19/2021,10,12,23,31,33,51
5/19/2021,18,23,24,32,38,50
5/15/2021,9,11,15,29,33,51
5/15/2021,8,15,20,26,32,36
5/12/2021,7,10,11,13,47,48
5/12/2021,1,8,21,28,38,47
5/8/2021,9,20,26,29,34,51
5/8/2021,8,13,14,20,42,43
5/5/2021,7,25,27,41,51,53
5/5/2021,2,6,28,41,44,51
5/1/2021,10,13,21,22,28,38
5/1/2021,5,10,15,22,37,49
4/28/2021,7,9,40,43,47,49
4/28/2021,16,18,28,34,45,51
4/24/2021,10,19,28,36,37,52
4/24/2021,1,18,33,36,39,41
4/21/2021,6,11,21,28,39,51
4/21/2021,3,13,27,28,35,52
4/17/2021,2,7,10,11,31,33
4/17/2021,4,10,23,24,41,52
4/14/2021,3,17,31,34,39,52
4/14/2021,6,10,17,35,38,42
4/10/2021,6,9,15,18,45,53
4/10/2021,2,4,11,27,32,38
4/7/2021,3,19,24,30,42,44
4/7/2021,5,8,13,44,46,51
4/3/2021,2,12,16,27,31,36
4/3/2021,6,16,30,37,50,52
3/31/2021,9,21,34,35,37,43
3/31/2021,6,31,40,47,48,52
3/27/2021,9,17,25,29,52,53
3/27/2021,14,21,24,32,41,45
3/24/2021,3,10,25,33,37,44
3/24/2021,11,12,17,32,36,53
3/20/2021,20,21,32,34,41,47
3/20/2021,4,6,12,34,49,53
3/17/2021,7,16,17,28,32,41
3/17/2021,19,21,27,30,36,47
3/13/2021,3,7,11,20,36,47
3/13/2021,3,8,26,28,31,42
3/10/2021,7,14,31,36,38,49
3/10/2021,14,26,29,30,38,40
3/6/2021,2,19,32,36,50,52
3/6/2021,4,13,21,38,48,51
3/3/2021,18,22,23,24,35,41
3/3/2021,11,29,30,35,42,47
2/27/2021,8,9,19,33,36,39
2/27/2021,6,11,12,14,18,46
2/24/2021,11,22,40,47,48,50
2/24/2021,5,6,17,26,27,46
2/20/2021,3,4,11,16,19,33
2/20/2021,2,4,5,16,34,52
2/17/2021,2,5,28,31,39,46
2/17/2021,3,26,27,32,37,46
2/13/2021,4,5,18,27,30,37
2/13/2021,15,19,20,28,34,42
2/10/2021,3,4,25,29,34,44
2/10/2021,9,13,23,33,39,43
2/6/2021,3,4,6,16,25,44
2/6/2021,5,8,17,28,40,41
2/3/2021,3,6,24,29,47,49
2/3/2021,8,19,21,22,45,53
1/30/2021,1,7,15,27,39,47
1/30/2021,7,15,19,21,25,37
1/27/2021,1,12,17,22,25,45
1/27/2021,15,24,39,41,42,48
1/23/2021,4,28,32,33,40,53
1/23/2021,14,26,33,34,43,47
1/20/2021,11,38,39,40,51,52
1/20/2021,8,11,18,39,40,43
1/16/2021,14,29,40,49,50,52
1/16/2021,3,14,27,31,50,53
1/13/2021,2,9,15,20,25,46
1/13/2021,2,3,11,15,27,39
1/9/2021,5,14,34,35,36,44
1/9/2021,5,8,40,44,49,52
1/6/2021,8,22,35,41,43,52
1/6/2021,4,8,26,35,50,53
1/2/2021,12,14,19,31,50,52
1/2/2021,28,32,34,46,49,50
12/30/2020,7,13,20,32,36,45
12/30/2020,12,13,21,39,41,46
12/26/2020,6,16,25,30,35,50
12/26/2020,12,13,21,31,32,46
12/23/2020,1,25,29,31,32,47
12/23/2020,16,24,30,36,42,45
12/19/2020,2,8,35,37,40,53
12/19/2020,15,19,29,37,38,52
12/16/2020,2,7,17,25,44,53
12/16/2020,10,20,27,30,32,42
12/12/2020,9,12,39,45,49,51
12/12/2020,8,27,30,33,37,50
12/9/2020,1,3,10,16,20,45
12/9/2020,5,26,28,33,49,50
12/5/2020,14,27,32,39,44,53
12/5/2020,5,20,26,27,39,47
12/2/2020,2,7,24,34,43,47
12/2/2020,28,31,35,36,37,46
11/28/2020,2,4,8,11,26,32
11/28/2020,6,24,31,36,42,46
11/25/2020,16,20,29,42,43,48
11/25/2020,12,22,30,34,45,53
11/21/2020,5,21,30,32,48,52
11/21/2020,1,11,15,44,45,48
11/18/2020,2,38,42,45,47,50
11/18/2020,17,19,26,27,42,43
11/14/2020,15,29,30,38,41,53
11/14/2020,9,12,21,47,49,53
11/11/2020,5,18,21,22,45,51
11/11/2020,11,15,24,27,34,36
11/7/2020,14,16,29,33,40,46
11/7/2020,2,15,16,34,45,51
11/4/2020,5,7,9,16,47,52
11/4/2020,3,13,40,42,48,53
10/31/2020,3,27,29,35,44,50
10/31/2020,13,14,25,29,43,48
10/28/2020,19,20,36,39,40,47
10/28/2020,2,11,20,32,35,51
10/24/2020,12,15,32,35,41,53
10/24/2020,16,34,36,38,49,52
10/21/2020,3,13,14,15,33,34
10/21/2020,7,10,15,20,24,25
10/17/2020,2,5,36,38,39,53
10/17/2020,1,17,27,35,52,53
10/14/2020,2,10,27,31,34,42
10/14/2020,1,5,9,31,39,44
10/10/2020,3,4,12,26,40,45
10/10/2020,17,18,23,30,32,43
10/7/2020,4,11,14,18,42,49
10/3/2020,2,22,24,29,38,44
9/30/2020,2,15,26,32,34,41
9/26/2020,10,14,23,42,47,48
9/23/2020,2,16,23,24,34,52
9/19/2020,10,16,35,36,39,41
9/16/2020,3,15,17,35,43,44
9/12/2020,6,17,33,35,50,51
9/9/2020,5,6,28,41,43,47
9/5/2020,6,10,21,28,40,44
9/2/2020,19,30,41,46,48,49
8/29/2020,12,25,28,31,33,50
8/26/2020,19,22,27,34,38,45
8/22/2020,12,17,27,30,31,44
8/19/2020,2,4,6,42,43,51
8/15/2020,17,31,34,37,42,45
8/12/2020,3,13,24,32,42,53
8/8/2020,10,17,22,34,42,43
8/5/2020,21,24,33,45,48,52
8/1/2020,10,24,26,30,41,45
7/29/2020,6,26,28,35,43,51
7/25/2020,3,12,16,17,35,50
7/22/2020,7,11,23,24,36,38
7/18/2020,4,5,12,16,20,23
7/15/2020,5,9,11,30,31,47
7/11/2020,2,20,24,26,38,48
7/8/2020,7,12,13,19,26,45
7/4/2020,6,15,18,20,40,41
7/1/2020,12,20,23,37,48,51
6/27/2020,2,4,6,11,16,38
6/24/2020,26,33,38,42,44,49
6/20/2020,19,43,45,46,48,50
6/17/2020,5,8,23,25,28,35
6/13/2020,10,23,27,32,43,50
6/10/2020,2,30,32,41,51,52
6/6/2020,27,32,36,38,43,50
6/3/2020,3,9,14,20,22,42
5/30/2020,1,12,18,23,24,45
5/27/2020,18,21,27,31,38,52
5/23/2020,6,18,22,32,35,51
5/20/2020,27,34,41,45,48,50
5/16/2020,9,10,22,27,32,44
5/13/2020,5,15,18,34,37,47
5/9/2020,6,23,32,33,42,49
5/6/2020,16,30,38,43,51,53
5/2/2020,6,26,38,41,42,47
4/29/2020,7,16,25,33,43,46
4/25/2020,6,12,16,27,30,44
4/22/2020,10,19,20,25,29,38
4/18/2020,8,23,25,34,49,53
4/15/2020,2,5,7,31,37,43
4/11/2020,12,18,28,34,40,53
4/8/2020,1,12,33,37,40,51
4/4/2020,10,17,18,20,30,41
4/1/2020,1,5,9,23,24,47
3/28/2020,16,22,33,37,40,41
3/25/2020,7,11,14,15,23,38
3/21/2020,35,37,39,46,48,52
3/18/2020,3,14,22,47,50,53
3/14/2020,12,13,39,41,44,50
3/11/2020,3,7,40,42,46,51
3/7/2020,1,2,13,31,33,53
3/4/2020,1,13,27,33,41,51
2/29/2020,5,9,12,15,37,45
2/26/2020,3,10,15,19,20,28
2/22/2020,6,17,18,19,32,36
2/19/2020,14,18,22,28,40,53
2/15/2020,8,10,11,14,21,50
2/12/2020,1,5,9,10,12,32
2/8/2020,5,11,18,30,34,44
2/5/2020,3,5,6,9,18,38
2/1/2020,4,13,27,29,43,49
1/29/2020,4,28,37,43,47,53
1/25/2020,3,18,24,46,51,53
1/22/2020,2,9,20,21,26,44
1/18/2020,2,10,29,34,46,51
1/15/2020,2,26,27,29,46,51
1/11/2020,3,27,36,40,45,49
1/8/2020,5,17,28,44,51,53
1/4/2020,2,10,18,30,35,49
1/1/2020,3,5,15,18,30,31
12/28/2019,17,18,19,28,30,37
12/25/2019,5,15,21,42,47,53
12/21/2019,1,5,14,32,40,46
12/18/2019,9,15,27,32,35,47
12/14/2019,1,14,19,39,44,45
12/11/2019,2,25,30,34,49,51
12/7/2019,1,2,10,17,26,30
12/4/2019,9,10,22,25,39,43
11/30/2019,11,23,30,41,44,50
11/27/2019,27,33,43,48,50,51
11/23/2019,4,12,22,23,29,32
11/20/2019,6,28,45,46,50,51
11/16/2019,16,33,38,42,46,51
11/13/2019,11,14,21,46,49,51
11/9/2019,12,15,25,26,47,51
11/6/2019,4,13,16,41,45,47
11/2/2019,4,13,22,27,30,38
10/30/2019,9,13,18,30,37,44
10/26/2019,6,26,28,32,36,43
10/23/2019,2,15,19,29,30,36
10/19/2019,5,35,40,42,43,48
10/16/2019,10,25,27,41,46,48
10/12/2019,9,25,34,37,40,46
10/9/2019,5,16,23,28,30,40
10/5/2019,14,17,20,21,43,52
10/2/2019,3,13,18,28,44,47
9/28/2019,11,27,46,49,50,51
9/25/2019,5,14,25,32,49,52
9/21/2019,20,30,36,45,49,51
9/18/2019,19,23,24,28,44,45
9/14/2019,4,14,17,31,39,45
9/11/2019,19,31,33,39,43,48
9/7/2019,5,13,20,30,47,52
9/4/2019,4,15,25,35,46,50
8/31/2019,6,12,18,19,38,51
8/28/2019,1,13,18,38,42,53
8/24/2019,9,10,19,26,31,34
8/21/2019,4,13,35,38,41,50
8/17/2019,2,6,19,25,41,42
8/14/2019,7,13,22,35,51,53
8/10/2019,3,6,14,27,39,51
8/7/2019,8,22,25,36,52,53
8/3/2019,6,21,33,34,51,53
7/31/2019,2,4,25,28,38,46
7/27/2019,5,6,14,15,44,50
7/24/2019,5,19,20,28,43,47
7/20/2019,7,28,31,32,34,43
7/17/2019,1,13,19,24,39,44
7/13/2019,4,8,11,17,34,37
7/10/2019,1,2,9,25,28,33
7/6/2019,9,10,20,25,37,51
7/3/2019,22,27,31,33,40,42
6/29/2019,19,22,27,31,34,52
6/26/2019,14,20,33,40,42,48
6/22/2019,13,14,18,29,32,49
6/19/2019,3,7,37,46,51,53
6/15/2019,3,34,38,42,45,52
6/12/2019,12,18,26,32,36,43
6/8/2019,6,19,34,40,42,50
6/5/2019,2,4,24,30,39,40
6/1/2019,17,24,26,28,51,53
5/29/2019,5,15,31,32,45,47
5/25/2019,29,32,48,50,51,53
5/22/2019,8,14,27,38,49,51
5/18/2019,23,29,33,39,45,48
5/15/2019,16,22,36,38,42,43
5/11/2019,10,12,18,25,27,49
5/8/2019,1,11,12,24,31,33
5/4/2019,1,4,14,33,36,43
5/1/2019,18,27,28,30,35,43
4/27/2019,1,17,27,36,42,51
4/24/2019,2,4,21,27,32,45
4/20/2019,4,15,19,23,31,53
4/17/2019,2,25,31,45,52,53
4/13/2019,5,18,28,37,42,49
4/10/2019,18,22,34,39,48,53
4/6/2019,4,8,36,37,40,50
4/3/2019,9,18,22,37,44,46
3/30/2019,10,13,23,49,51,53
3/27/2019,13,17,19,23,39,50
3/23/2019,2,21,23,25,33,34
3/20/2019,11,29,30,37,45,53
3/16/2019,1,5,13,18,28,32
3/13/2019,5,23,24,26,29,51
3/9/2019,3,16,26,30,34,48
3/6/2019,8,9,19,23,26,27
3/2/2019,4,15,39,40,42,50
2/27/2019,20,25,34,35,46,53
2/23/2019,10,12,18,27,36,51
2/20/2019,14,30,32,34,52,53
2/16/2019,2,12,16,29,43,52
2/13/2019,9,27,31,37,41,44
2/9/2019,2,12,40,44,47,49
2/6/2019,2,5,10,35,51,53
2/2/2019,2,6,15,20,24,47
1/30/2019,4,16,35,37,43,53
1/26/2019,2,14,26,29,36,51
1/23/2019,4,5,7,19,34,45
1/19/2019,6,8,19,21,39,46
1/16/2019,5,6,22,23,43,47
1/12/2019,8,9,15,42,46,48
1/9/2019,4,18,19,28,33,38
1/5/2019,14,20,22,28,36,37
1/2/2019,6,13,30,34,46,48
12/29/2018,3,24,44,48,50,51
12/26/2018,1,14,17,21,40,43
12/22/2018,14,32,40,49,51,53
12/19/2018,5,10,13,25,26,34
12/15/2018,1,10,16,31,36,39
12/12/2018,2,9,25,28,32,43
12/8/2018,10,15,28,38,43,44
12/5/2018,1,5,20,24,28,52
12/1/2018,21,30,39,44,45,46
11/28/2018,5,12,16,19,45,48
11/24/2018,10,19,30,33,51,52
11/21/2018,12,14,20,21,34,50
11/17/2018,4,18,26,30,45,51
11/14/2018,3,6,16,27,32,43
11/10/2018,26,30,35,39,45,46
11/7/2018,2,12,23,27,44,48
11/3/2018,3,10,18,27,41,43
10/31/2018,6,7,16,26,44,45
10/27/2018,1,7,9,22,26,30
10/24/2018,4,27,29,31,41,43
10/20/2018,3,13,14,30,35,46
10/17/2018,4,8,40,41,44,48
10/13/2018,12,14,20,26,32,52
10/10/2018,16,23,24,26,27,28
10/6/2018,15,22,34,40,42,47
10/3/2018,11,12,31,35,37,45
9/29/2018,24,31,33,42,49,51
9/26/2018,2,8,9,25,35,53
9/22/2018,12,13,14,25,28,36
9/19/2018,5,14,17,21,23,53
9/15/2018,4,5,35,40,46,53
9/12/2018,4,16,31,33,46,50
9/8/2018,20,21,22,35,45,53
9/5/2018,8,9,13,18,20,46
9/1/2018,20,23,24,41,47,51
8/29/2018,15,20,23,36,38,44
8/25/2018,1,3,19,22,33,37
8/22/2018,7,9,22,45,47,52
8/18/2018,11,14,38,43,51,52
8/15/2018,2,17,27,32,33,52
8/11/2018,5,9,31,39,42,51
8/8/2018,3,4,11,17,25,45
8/4/2018,7,16,31,35,37,53
8/1/2018,18,35,38,40,46,53
7/28/2018,14,28,35,36,44,50
7/25/2018,11,12,14,22,32,36
7/21/2018,6,12,20,26,27,34
7/18/2018,10,20,36,44,46,53
7/14/2018,1,19,34,48,49,52
7/11/2018,1,19,29,43,49,52
7/7/2018,7,14,16,19,22,35
7/4/2018,12,28,34,43,48,52
6/30/2018,13,24,28,32,37,47
6/27/2018,3,21,28,38,42,52
6/23/2018,10,15,16,19,47,52
6/20/2018,12,15,26,32,34,46
6/16/2018,4,7,22,24,26,27
6/13/2018,6,15,21,26,44,50
6/9/2018,17,20,26,44,47,50
6/6/2018,19,21,38,43,47,48
6/2/2018,15,20,21,23,28,52
5/30/2018,2,41,46,48,50,52
5/26/2018,4,8,9,42,46,53
5/23/2018,5,9,18,24,25,27
5/19/2018,4,12,14,19,21,51
5/16/2018,1,11,17,42,45,49
5/12/2018,10,16,20,28,40,42
5/9/2018,6,19,22,23,25,28
5/5/2018,9,21,37,38,39,47
5/2/2018,29,32,38,42,44,49
4/28/2018,14,16,17,19,25,35
4/25/2018,13,19,20,23,32,43
4/21/2018,16,26,30,32,36,45
4/18/2018,1,4,13,27,35,45
4/14/2018,4,8,26,27,28,50
4/11/2018,3,4,7,22,43,51
4/7/2018,10,23,30,36,40,42
4/4/2018,1,5,11,12,25,48
3/31/2018,5,12,20,22,39,46
3/28/2018,6,9,16,29,33,52
3/24/2018,17,26,30,40,45,49
3/21/2018,2,6,8,22,35,52
3/17/2018,5,23,24,34,36,41
3/14/2018,11,16,21,27,30,31
3/10/2018,7,15,18,30,47,51
3/7/2018,1,6,41,49,50,51
3/3/2018,1,16,18,32,40,48
2/28/2018,1,7,9,10,21,48
2/24/2018,4,14,22,30,44,48
2/21/2018,3,15,24,27,37,50
2/17/2018,3,28,31,38,39,51
2/14/2018,1,2,14,26,32,38
2/10/2018,5,7,26,30,37,46
2/7/2018,11,19,24,43,48,49
2/3/2018,16,19,21,37,50,51
1/31/2018,15,21,32,40,41,46
1/27/2018,10,27,28,30,45,51
1/24/2018,4,17,20,21,26,39
1/20/2018,10,12,20,29,38,49
1/17/2018,1,15,16,24,33,52
1/13/2018,1,8,22,24,27,50
1/10/2018,5,19,20,24,27,51
1/6/2018,11,28,30,33,36,49
1/3/2018,4,28,30,36,44,48
12/30/2017,1,5,9,25,52,53
12/27/2017,6,16,30,31,51,53
12/23/2017,14,16,17,35,46,50
12/20/2017,25,35,40,45,48,53
12/16/2017,6,12,32,38,40,45
12/13/2017,1,7,13,16,23,28
12/9/2017,6,11,19,20,34,36
12/6/2017,14,16,26,39,44,45
12/2/2017,9,12,14,26,31,50
11/29/2017,1,18,19,25,31,50
11/25/2017,1,11,18,36,37,39
11/22/2017,2,13,19,22,36,51
11/18/2017,19,20,28,37,47,48
11/15/2017,13,15,19,24,33,40
11/11/2017,13,21,32,37,40,44
11/8/2017,3,8,10,13,40,53
11/4/2017,3,9,20,30,34,37
11/1/2017,17,20,22,28,31,34
10/28/2017,3,20,25,29,43,45
10/25/2017,8,19,29,38,47,49
10/21/2017,2,8,23,26,37,40
10/18/2017,1,3,15,24,47,52
10/14/2017,30,31,32,44,47,51
10/11/2017,9,15,25,29,37,38
10/7/2017,18,23,27,35,42,45
10/4/2017,6,14,25,27,39,53
9/30/2017,1,5,8,43,45,51
9/27/2017,16,20,26,31,49,53
9/23/2017,1,4,10,13,39,51
9/20/2017,1,7,36,40,42,53
9/16/2017,10,31,45,50,51,52
9/13/2017,17,22,44,45,49,53
9/9/2017,1,12,17,26,35,45
9/6/2017,12,22,27,42,47,49
9/2/2017,2,4,12,19,48,49
8/30/2017,1,6,16,20,31,43
8/26/2017,1,2,25,29,40,44
8/23/2017,2,12,18,22,24,25
8/19/2017,5,12,19,24,33,48
8/16/2017,14,37,45,48,51,52
8/12/2017,4,12,13,15,29,47
8/9/2017,7,12,22,38,51,53
8/5/2017,7,19,25,37,47,49
8/2/2017,3,4,6,10,30,42
7/29/2017,1,3,14,22,26,44
7/26/2017,15,16,23,41,50,52
7/22/2017,9,14,16,22,25,46
7/19/2017,3,10,20,29,35,50
7/15/2017,2,17,21,22,39,43
7/12/2017,1,6,8,9,11,22
7/8/2017,1,15,22,35,38,46
7/5/2017,5,10,28,32,40,42
7/1/2017,9,20,27,37,42,47
6/28/2017,4,11,26,48,49,53
6/24/2017,4,12,23,34,40,41
6/21/2017,5,8,14,31,44,51
6/17/2017,2,6,19,38,47,48
6/14/2017,3,6,7,10,20,29
6/10/2017,2,15,28,34,46,52
6/7/2017,3,12,21,35,41,50
6/3/2017,5,11,12,27,41,52
5/31/2017,20,31,37,46,47,49
5/27/2017,6,20,22,44,45,50
5/24/2017,1,6,19,34,43,50
5/20/2017,6,15,30,34,39,49
5/17/2017,3,7,20,34,38,43
5/13/2017,4,16,20,21,27,43
5/10/2017,20,22,23,26,35,51
5/6/2017,5,6,13,16,21,48
5/3/2017,1,6,11,32,41,43
4/29/2017,26,31,32,43,44,45
4/26/2017,19,29,36,37,45,46
4/22/2017,16,20,28,33,47,48
4/19/2017,4,27,28,35,37,45
4/15/2017,12,19,22,23,26,29
4/12/2017,2,8,12,15,18,47
4/8/2017,20,35,36,46,48,53
4/5/2017,17,19,24,27,30,47
4/1/2017,2,8,9,36,42,48
3/29/2017,1,8,21,23,31,36
3/25/2017,15,18,28,34,37,47
3/22/2017,3,13,21,30,32,42
3/18/2017,17,23,27,35,36,40
3/15/2017,9,14,16,20,28,45
3/11/2017,1,23,29,31,38,53
3/8/2017,6,23,25,36,43,49
3/4/2017,7,14,20,22,27,33
3/1/2017,9,12,17,21,30,49
2/25/2017,20,21,35,39,49,53
2/22/2017,4,25,26,29,31,33
2/18/2017,9,15,21,44,46,47
2/15/2017,6,17,20,21,40,43
2/11/2017,1,2,3,4,37,47
2/8/2017,7,14,16,30,46,48
2/4/2017,10,12,22,24,31,37
2/1/2017,4,7,25,34,40,46
1/28/2017,1,5,9,37,38,53
1/25/2017,1,6,7,8,43,50
1/21/2017,7,16,17,27,43,53
1/18/2017,15,25,43,44,49,53
1/14/2017,14,25,26,35,41,44
1/11/2017,10,17,19,30,45,49
1/7/2017,2,5,28,30,31,33
1/4/2017,13,21,24,38,47,48
12/31/2016,2,4,11,14,38,44
12/28/2016,20,25,37,42,44,48
12/24/2016,13,18,20,29,48,52
12/21/2016,2,4,7,21,34,48
12/17/2016,5,6,24,30,32,42
12/14/2016,4,5,26,32,37,38
12/10/2016,8,17,21,41,42,45
12/7/2016,1,13,20,26,29,31
12/3/2016,1,9,12,30,34,35
11/30/2016,9,22,27,37,44,47
11/26/2016,8,21,33,36,37,38
11/23/2016,2,4,10,26,29,31
11/19/2016,16,29,30,33,41,50
11/16/2016,4,12,18,24,25,36
11/12/2016,2,16,22,28,38,42
11/9/2016,4,9,19,44,48,50
11/5/2016,13,15,34,38,44,49
11/2/2016,2,4,9,14,18,39
10/29/2016,6,21,22,39,43,44
10/26/2016,4,15,19,38,47,50
10/22/2016,12,14,27,30,42,46
10/19/2016,14,15,29,38,39,49
10/15/2016,1,8,13,31,34,48
10/12/2016,26,30,41,43,46,48
10/8/2016,5,9,17,33,40,50
10/5/2016,4,6,13,32,49,51
10/1/2016,2,8,22,24,27,48
9/28/2016,1,5,15,16,41,51
9/24/2016,15,18,24,29,31,48
9/21/2016,3,15,25,45,46,48
9/17/2016,14,21,26,31,35,49
9/14/2016,21,25,32,37,39,43
9/10/2016,3,28,34,44,52,53
9/7/2016,10,15,24,33,39,42
9/3/2016,4,10,24,29,47,50
8/31/2016,10,27,43,44,48,49
8/27/2016,5,9,36,38,43,47
8/24/2016,1,4,16,22,47,52
8/20/2016,2,5,7,17,29,41
8/17/2016,3,8,13,14,18,33
8/13/2016,12,17,20,24,25,44
8/10/2016,6,8,20,44,45,48
8/6/2016,1,22,27,40,42,53
8/3/2016,9,12,24,27,50,52
7/30/2016,10,21,22,40,42,50
7/27/2016,7,9,19,29,49,52
7/23/2016,13,24,26,27,45,49
7/20/2016,5,11,24,42,43,48
7/16/2016,3,4,5,8,23,53
7/13/2016,1,13,14,28,36,40
7/9/2016,2,4,16,29,33,52
7/6/2016,19,27,28,29,33,53
7/2/2016,7,13,17,36,43,45
6/29/2016,1,5,24,35,42,53
6/25/2016,7,11,32,46,48,50
6/22/2016,6,7,10,25,39,44
6/18/2016,17,26,31,38,45,52
6/15/2016,1,20,25,28,41,47
6/11/2016,5,11,39,44,46,51
6/8/2016,15,19,25,28,36,49
6/4/2016,7,13,16,39,40,52
6/1/2016,6,17,21,31,41,51
5/28/2016,5,16,22,28,34,42
5/25/2016,18,23,31,41,44,47
5/21/2016,8,16,28,38,43,49
5/18/2016,2,8,13,17,25,49
5/14/2016,3,6,8,35,36,40
5/11/2016,1,4,25,26,34,53
5/7/2016,7,13,22,23,33,52
5/4/2016,3,10,27,34,40,47
4/30/2016,1,2,12,22,41,46
4/27/2016,3,11,18,25,36,50
4/23/2016,18,29,41,47,49,53
4/20/2016,22,24,31,33,42,52
4/16/2016,8,17,20,23,26,47
4/13/2016,15,19,31,36,38,43
4/9/2016,9,20,28,34,48,50
4/6/2016,4,5,18,37,40,51
4/2/2016,6,14,16,20,35,36
3/30/2016,3,12,25,38,40,47
3/26/2016,7,13,18,33,40,42
3/23/2016,1,12,16,23,33,36
3/19/2016,2,17,25,27,38,50
3/16/2016,1,5,7,12,34,53
3/12/2016,14,18,19,24,25,45
3/9/2016,4,8,24,28,39,47
3/5/2016,1,19,32,33,38,48
3/2/2016,18,19,20,21,24,38
2/27/2016,1,12,25,43,44,51
2/24/2016,3,21,33,43,45,50
2/20/2016,11,29,32,48,49,53
2/17/2016,4,11,15,22,44,49
2/13/2016,9,10,21,23,37,53
2/10/2016,9,13,41,45,51,53
2/6/2016,7,14,17,27,34,52
2/3/2016,7,11,16,20,35,46
1/30/2016,5,15,27,32,45,46
1/27/2016,1,10,22,24,29,48
1/23/2016,8,20,24,28,38,42
1/20/2016,35,38,39,43,44,48
1/16/2016,4,31,36,37,48,51
1/13/2016,5,22,23,36,43,47
1/9/2016,5,10,17,27,38,47
1/6/2016,3,6,22,29,41,52
1/2/2016,16,44,47,48,52,53
12/30/2015,3,10,14,17,28,53
12/26/2015,1,11,18,20,27,40
12/23/2015,14,18,23,31,38,49
12/19/2015,3,14,20,22,32,50
12/16/2015,8,14,18,22,35,42
12/12/2015,9,11,24,31,38,39
12/9/2015,5,18,23,30,33,47
12/5/2015,3,11,39,42,45,52
12/2/2015,1,16,19,22,48,52
11/28/2015,1,2,4,32,33,42
11/25/2015,3,16,19,31,36,52
11/21/2015,15,24,28,31,46,50
11/18/2015,13,17,28,31,34,35
11/14/2015,11,21,27,31,44,51
11/11/2015,1,4,22,39,51,52
11/7/2015,2,8,9,11,13,27
11/4/2015,15,18,19,36,37,51
10/31/2015,1,5,7,18,19,53
10/28/2015,4,13,14,19,36,46
10/24/2015,12,17,18,21,46,49
10/21/2015,8,18,19,23,32,40
10/17/2015,9,30,39,42,44,53
10/14/2015,7,10,19,21,31,38
10/10/2015,4,16,22,32,46,53
10/7/2015,7,14,15,28,36,37
10/3/2015,13,15,30,38,52,53
9/30/2015,5,14,30,34,35,42
9/26/2015,3,22,26,32,40,47
9/23/2015,6,17,25,27,32,51
9/19/2015,1,8,10,28,30,32
9/16/2015,7,8,23,35,49,51
9/12/2015,10,18,28,41,44,51
9/9/2015,7,20,25,26,31,42
9/5/2015,4,20,36,41,44,46
9/2/2015,7,9,20,25,29,37
8/29/2015,5,7,13,16,30,41
8/26/2015,3,8,11,23,40,43
8/22/2015,16,26,29,39,45,46
8/19/2015,10,29,39,40,41,52
8/15/2015,1,23,24,35,39,49
8/12/2015,15,21,23,25,34,42
8/8/2015,5,24,30,33,37,51
8/5/2015,1,22,25,27,48,52
8/1/2015,3,14,18,19,29,34
7/29/2015,4,16,21,26,41,52
7/25/2015,3,4,9,22,36,41
7/22/2015,10,26,29,38,42,46
7/18/2015,8,10,18,26,40,49
7/15/2015,8,15,23,28,46,53
7/11/2015,2,10,17,30,37,39
7/8/2015,16,19,20,23,38,39
7/4/2015,14,16,21,28,34,43
7/1/2015,11,18,20,30,44,48
6/27/2015,6,14,21,29,30,48
6/24/2015,18,46,47,48,51,53
6/20/2015,10,14,28,35,42,49
6/17/2015,12,16,17,19,33,39
6/13/2015,7,8,13,15,28,50
6/10/2015,30,31,32,41,50,53
6/6/2015,16,21,23,29,32,38
6/3/2015,12,16,33,36,46,47
5/30/2015,6,7,14,29,30,37
5/27/2015,11,13,24,38,39,42
5/23/2015,5,10,13,18,36,50
5/20/2015,5,19,20,27,29,53
5/16/2015,5,10,11,40,50,52
5/13/2015,7,12,15,21,26,43
5/9/2015,26,31,36,40,52,53
5/6/2015,22,23,27,30,33,47
5/2/2015,4,13,16,34,43,49
4/29/2015,7,10,19,22,24,48
4/25/2015,16,19,31,38,42,52
4/22/2015,11,13,14,21,35,43
4/18/2015,3,15,16,27,38,49
4/15/2015,2,13,15,26,27,34
4/11/2015,23,41,43,46,48,50
4/8/2015,12,15,26,37,38,52
4/4/2015,3,5,9,18,47,49
4/1/2015,9,20,28,33,43,45
3/28/2015,8,20,27,29,34,52
3/25/2015,14,15,16,31,40,44
3/21/2015,1,22,25,31,39,48
3/18/2015,6,18,19,22,47,53
3/14/2015,4,9,11,37,38,45
3/11/2015,2,18,32,33,39,40
3/7/2015,28,33,37,41,44,45
3/4/2015,5,19,23,31,44,46
2/28/2015,2,12,13,14,37,47
2/25/2015,4,21,29,31,43,51
2/21/2015,1,6,11,12,25,52
2/18/2015,3,10,24,29,39,45
2/14/2015,19,22,28,32,43,53
2/11/2015,7,16,29,30,45,53
2/7/2015,9,11,18,28,36,39
2/4/2015,3,13,22,34,48,52
1/31/2015,2,21,28,31,47,52
1/28/2015,3,6,9,33,37,48
1/24/2015,4,10,22,32,38,41
1/21/2015,14,20,28,35,41,49
1/17/2015,9,11,31,40,44,48
1/14/2015,2,5,8,11,20,40
1/10/2015,6,11,23,27,36,41
1/7/2015,3,7,25,29,36,52
1/3/2015,2,21,24,44,50,51
12/31/2014,6,10,14,16,47,51
12/27/2014,5,9,15,16,23,51
12/24/2014,4,22,23,41,44,53
12/20/2014,1,13,18,29,39,46
12/17/2014,4,5,18,21,35,48
12/13/2014,4,10,12,27,49,51
12/10/2014,1,4,28,31,40,41
12/6/2014,3,17,29,30,31,37
12/3/2014,1,7,11,19,27,52
11/29/2014,7,18,25,27,30,53
11/26/2014,13,24,25,35,36,39
11/22/2014,5,8,14,36,37,48
11/19/2014,13,16,17,26,39,41
11/15/2014,3,21,39,45,47,53
11/12/2014,7,13,15,43,45,49
11/8/2014,14,16,19,30,37,41
11/5/2014,15,17,21,22,47,51
11/1/2014,10,31,33,35,36,40
10/29/2014,2,12,23,26,39,52
10/25/2014,1,5,19,31,49,50
10/22/2014,5,6,22,39,47,48
10/18/2014,1,21,25,27,29,40
10/15/2014,6,10,15,25,42,52
10/11/2014,7,15,20,32,41,51
10/8/2014,6,16,23,34,36,52
10/4/2014,2,5,15,25,39,48
10/1/2014,11,13,31,42,45,52
9/27/2014,2,3,9,21,23,33
9/24/2014,3,20,23,38,39,53
9/20/2014,2,10,14,15,36,45
9/17/2014,6,10,21,34,45,47
9/13/2014,11,21,31,33,46,50
9/10/2014,4,5,21,34,45,52
9/6/2014,3,11,13,22,44,46
9/3/2014,6,15,16,20,29,32
8/30/2014,4,10,27,33,43,51
8/27/2014,4,10,13,40,41,49
8/23/2014,3,24,26,29,44,51
8/20/2014,9,18,21,39,40,51
8/16/2014,6,8,14,18,29,37
8/13/2014,16,39,42,46,47,48
8/9/2014,14,17,26,32,45,46
8/6/2014,9,16,22,25,47,53
8/2/2014,3,5,9,19,44,50
7/30/2014,8,31,35,36,44,51
7/26/2014,1,4,6,9,33,51
7/23/2014,16,32,36,44,48,52
7/19/2014,6,12,13,34,41,43
7/16/2014,3,6,8,33,35,37
7/12/2014,2,4,14,16,44,48
7/9/2014,3,8,12,13,20,32
7/5/2014,1,39,41,43,46,49
7/2/2014,7,15,36,37,39,45
6/28/2014,12,16,23,33,46,50
6/25/2014,2,9,21,36,39,48
6/21/2014,8,18,31,34,36,47
6/18/2014,10,15,21,25,26,36
6/14/2014,3,8,21,23,35,51
6/11/2014,14,21,31,42,45,52
6/7/2014,17,19,25,29,47,52
6/4/2014,6,13,22,39,40,48
5/31/2014,2,11,31,38,49,52
5/28/2014,13,14,18,26,37,45
5/24/2014,3,6,17,19,45,48
5/21/2014,10,12,23,34,38,53
5/17/2014,3,11,13,15,33,50
5/14/2014,18,19,30,31,33,43
5/10/2014,1,2,10,35,42,44
5/7/2014,4,12,15,24,38,40
5/3/2014,9,17,19,27,31,43
4/30/2014,12,28,34,40,42,47
4/26/2014,8,17,21,29,36,42
4/23/2014,13,22,23,35,39,48
4/19/2014,9,11,12,14,21,39
4/16/2014,7,20,41,43,48,51
4/12/2014,6,9,14,21,28,29
4/9/2014,11,26,32,44,45,51
4/5/2014,9,23,24,38,40,47
4/2/2014,13,23,38,41,45,48
3/29/2014,4,8,13,36,38,45
3/26/2014,2,16,24,32,40,47
3/22/2014,1,8,10,16,52,53
3/19/2014,8,9,24,36,38,40
3/15/2014,16,24,26,40,41,45
3/12/2014,12,14,20,25,36,52
3/8/2014,7,9,13,17,21,43
3/5/2014,1,7,26,40,42,46
3/1/2014,2,7,9,16,19,45
2/26/2014,3,36,37,41,47,48
2/22/2014,4,5,14,33,39,46
2/19/2014,9,14,29,31,32,36
2/15/2014,1,3,5,10,38,49
2/12/2014,5,8,19,34,41,49
2/8/2014,12,16,26,34,42,47
2/5/2014,6,15,36,42,46,47
2/1/2014,11,12,20,23,33,44
1/29/2014,6,13,20,27,29,51
1/25/2014,2,3,7,21,36,43
1/22/2014,6,7,11,13,23,44
1/18/2014,1,8,11,19,46,53
1/15/2014,13,18,20,28,42,53
1/11/2014,7,13,15,17,51,53
1/8/2014,3,24,30,35,43,51
1/4/2014,14,15,23,34,36,37
1/1/2014,1,8,15,19,32,48
12/28/2013,1,6,11,14,15,29
12/25/2013,4,12,23,32,45,48
12/21/2013,1,8,12,24,45,53
12/18/2013,2,5,9,24,34,40
12/14/2013,13,15,22,38,43,49
12/11/2013,2,33,38,51,52,53
12/7/2013,8,25,31,35,43,51
12/4/2013,2,6,10,32,41,46
11/30/2013,18,21,29,30,35,45
11/27/2013,2,8,20,33,35,49
11/23/2013,1,21,36,40,44,45
11/20/2013,23,24,32,44,49,50
11/16/2013,8,19,22,29,32,38
11/13/2013,5,12,14,28,45,50
11/9/2013,9,12,15,21,33,45
11/6/2013,20,25,29,30,36,37
11/2/2013,2,11,13,20,27,28
10/30/2013,4,6,15,24,47,52
10/26/2013,10,16,21,25,37,49
10/23/2013,4,5,8,13,27,44
10/19/2013,2,3,15,39,44,49
10/16/2013,19,23,28,38,48,53
10/12/2013,3,8,16,20,43,48
10/9/2013,13,16,17,40,42,44
10/5/2013,1,12,22,44,46,52
10/2/2013,10,13,35,36,37,42
9/28/2013,9,26,34,40,42,49
9/25/2013,1,2,25,43,48,53
9/21/2013,8,32,35,46,47,52
9/18/2013,14,15,23,36,49,50
9/14/2013,15,17,22,40,41,45
9/11/2013,3,26,36,37,43,44
9/7/2013,7,16,31,38,39,42
9/4/2013,6,14,37,41,48,49
8/31/2013,10,11,12,17,28,46
8/28/2013,3,9,11,21,24,49
8/24/2013,11,24,36,45,46,47
8/21/2013,3,6,36,46,48,52
8/17/2013,2,7,11,15,43,45
8/14/2013,3,6,16,30,31,40
8/10/2013,20,44,46,48,52,53
8/7/2013,29,33,46,48,49,53
8/3/2013,3,4,5,39,47,48
7/31/2013,4,8,17,20,51,52
7/27/2013,6,10,18,27,28,51
7/24/2013,4,8,15,16,32,52
7/20/2013,8,21,22,27,40,44
7/17/2013,1,3,4,12,15,38
7/13/2013,2,10,11,41,42,53
7/10/2013,13,17,20,23,24,30
7/6/2013,1,7,35,39,43,47
7/3/2013,3,13,42,47,52,53
6/29/2013,1,3,5,14,28,32
6/26/2013,5,13,18,28,31,43
6/22/2013,2,7,31,40,46,52
6/19/2013,5,8,9,12,23,27
6/15/2013,3,16,19,20,32,52
6/12/2013,2,29,35,37,41,42
6/8/2013,21,24,34,41,47,52
6/5/2013,13,19,22,44,46,52
6/1/2013,5,15,29,35,40,47
5/29/2013,4,36,42,47,48,52
5/25/2013,1,21,26,30,46,48
5/22/2013,21,24,33,37,43,46
5/18/2013,1,11,19,33,37,49
5/15/2013,5,6,13,33,35,40
5/11/2013,20,23,26,32,41,46
5/8/2013,9,14,17,23,25,29
5/4/2013,5,17,18,24,29,33
5/1/2013,4,9,17,21,35,51
4/27/2013,10,12,17,28,38,44
4/24/2013,12,14,27,30,36,44
4/20/2013,7,8,33,35,39,40
4/17/2013,1,5,8,39,52,53
4/13/2013,6,15,40,45,51,52
4/10/2013,14,21,24,32,41,45
4/6/2013,2,13,16,17,20,40
4/3/2013,6,7,20,46,48,51
3/30/2013,4,9,13,40,41,50
3/27/2013,19,24,25,26,28,44
3/23/2013,6,11,13,24,35,53
3/20/2013,7,11,23,30,35,47
3/16/2013,1,6,24,27,33,53
3/13/2013,15,30,34,44,47,49
3/9/2013,1,7,10,12,33,51
3/6/2013,3,12,39,44,46,51
3/2/2013,7,10,15,17,19,38
2/27/2013,15,28,34,40,48,50
2/23/2013,1,2,3,9,23,53
2/20/2013,18,23,28,36,43,45
2/16/2013,8,21,26,27,30,40
2/13/2013,5,12,25,29,33,34
2/9/2013,12,22,36,42,44,52
2/6/2013,5,28,29,40,48,51
2/2/2013,1,2,31,40,46,52
1/30/2013,7,9,10,42,45,49
1/26/2013,3,4,5,38,39,41
1/23/2013,15,21,22,24,39,41
1/19/2013,12,13,21,26,46,48
1/16/2013,12,20,41,43,49,53
1/12/2013,2,9,12,24,31,46
1/9/2013,19,20,24,27,42,51
1/5/2013,8,19,21,23,36,40
1/2/2013,9,17,27,44,48,51
12/29/2012,15,18,21,31,40,41
12/26/2012,1,6,22,24,32,48
12/22/2012,18,20,35,36,37,39
12/19/2012,25,29,37,38,44,45
12/15/2012,13,28,30,32,38,40
12/12/2012,17,33,34,41,49,53
12/8/2012,3,7,8,28,29,53
12/5/2012,6,20,25,36,44,52
12/1/2012,2,5,33,45,48,50
11/28/2012,7,12,15,20,34,49
11/24/2012,26,28,36,41,50,51
11/21/2012,3,19,24,34,37,41
11/17/2012,5,14,19,30,49,52
11/14/2012,10,12,19,48,49,53
11/10/2012,8,15,18,42,45,50
11/7/2012,7,11,15,18,24,43
11/3/2012,10,16,21,23,41,44
10/31/2012,2,17,34,36,43,52
10/27/2012,1,2,29,30,31,35
10/24/2012,8,11,21,26,28,38
10/20/2012,16,25,26,27,40,53
10/17/2012,2,9,16,18,34,46
10/13/2012,4,11,36,37,45,51
10/10/2012,11,19,29,31,37,50
10/6/2012,5,12,19,30,41,48
10/3/2012,13,14,25,26,37,39
9/29/2012,10,15,21,28,35,41
9/26/2012,1,3,16,19,25,38
9/22/2012,13,19,30,43,46,51
9/19/2012,5,7,12,22,31,53
9/15/2012,5,12,21,24,51,53
9/12/2012,2,6,7,11,21,41
9/8/2012,14,21,27,31,45,52
9/5/2012,23,28,29,36,37,46
9/1/2012,2,8,23,27,43,53
8/29/2012,1,28,36,39,44,47
8/25/2012,1,18,23,27,33,36
8/22/2012,14,29,30,41,43,49
8/18/2012,4,26,39,42,45,47
8/15/2012,3,7,10,19,24,27
8/11/2012,5,13,32,45,47,48
8/8/2012,6,9,18,32,39,49
8/4/2012,2,26,36,37,40,43
8/1/2012,22,27,31,38,39,42
7/28/2012,3,8,9,12,33,52
7/25/2012,4,19,30,46,49,53
7/21/2012,10,14,15,31,34,50
7/18/2012,1,3,7,23,33,44
7/14/2012,8,19,31,37,41,51
7/11/2012,16,19,26,31,39,50
7/7/2012,2,6,17,26,31,40
7/4/2012,7,11,21,28,43,46
6/30/2012,13,26,50,51,52,53
6/27/2012,2,7,18,29,35,44
6/23/2012,5,7,10,24,28,43
6/20/2012,4,8,20,24,35,43
6/16/2012,5,7,15,30,46,48
6/13/2012,1,2,21,42,45,49
6/9/2012,13,22,27,36,43,52
6/6/2012,4,12,14,26,36,46
6/2/2012,6,8,15,22,47,50
5/30/2012,4,6,19,20,38,48
5/26/2012,15,23,30,48,49,52
5/23/2012,5,6,9,23,30,41
5/19/2012,5,10,14,17,28,33
5/16/2012,2,27,43,44,47,52
5/12/2012,3,14,17,32,33,34
5/9/2012,1,6,14,17,21,34
5/5/2012,2,13,20,26,45,53
5/2/2012,12,20,22,32,34,41
4/28/2012,4,11,13,17,20,28
4/25/2012,7,11,39,46,50,53
4/21/2012,1,15,22,27,31,43
4/18/2012,1,5,12,19,32,44
4/14/2012,1,3,22,28,36,40
4/11/2012,11,34,43,45,46,51
4/7/2012,7,14,16,23,36,43
4/4/2012,4,15,26,28,35,47
3/31/2012,1,15,17,23,31,33
3/28/2012,13,18,24,33,37,50
3/24/2012,1,12,25,33,35,42
3/21/2012,2,3,4,10,18,26
3/17/2012,30,38,39,43,44,49
3/14/2012,1,10,17,19,22,31
3/10/2012,7,14,19,31,48,52
3/7/2012,5,9,18,31,44,48
3/3/2012,5,8,9,16,20,45
2/29/2012,6,20,27,33,42,45
2/25/2012,1,2,6,14,19,31
2/22/2012,6,12,17,21,26,42
2/18/2012,7,18,37,41,45,51
2/15/2012,29,37,38,39,42,44
2/11/2012,1,8,11,20,47,52
2/8/2012,3,12,20,22,31,52
2/4/2012,9,16,34,39,41,46
2/1/2012,15,23,38,48,52,53
1/28/2012,20,32,34,41,42,45
1/25/2012,4,9,14,18,35,47
1/21/2012,11,12,27,35,38,45
1/18/2012,8,33,36,40,43,51
1/14/2012,9,12,17,29,35,50
1/11/2012,11,26,36,45,46,52
1/7/2012,8,14,18,29,33,37
1/4/2012,9,18,21,22,33,51
12/31/2011,11,22,29,34,44,46
12/28/2011,3,14,40,42,45,51
12/24/2011,2,11,15,19,24,26
12/21/2011,3,10,24,25,49,52
12/17/2011,6,21,40,46,51,52
12/14/2011,1,3,4,9,33,38
12/10/2011,3,19,22,28,34,37
12/7/2011,5,9,26,30,34,39
12/3/2011,21,27,39,48,49,53
11/30/2011,7,11,13,36,37,51
11/26/2011,2,9,13,22,26,37
11/23/2011,3,10,11,20,42,43
11/19/2011,3,5,17,24,34,53
11/16/2011,10,24,34,37,39,45
11/12/2011,3,11,15,22,37,38
11/9/2011,9,16,29,44,48,51
11/5/2011,1,4,5,37,38,51
11/2/2011,11,31,34,39,47,52
10/29/2011,3,8,12,28,34,48
10/26/2011,2,12,13,27,48,50
10/22/2011,7,15,32,34,43,48
10/19/2011,1,7,17,32,33,34
10/15/2011,3,9,36,41,42,44
10/12/2011,8,9,25,38,50,52
10/8/2011,10,16,20,34,38,45
10/5/2011,24,26,28,29,42,50
10/1/2011,6,9,16,24,31,42
9/28/2011,8,10,15,34,39,45
9/24/2011,4,16,31,36,41,44
9/21/2011,4,10,28,32,35,43
9/17/2011,1,3,4,12,15,33
9/14/2011,6,9,18,20,41,45
9/10/2011,1,11,25,26,45,50
9/7/2011,21,26,32,35,39,44
9/3/2011,1,23,24,31,32,52
8/31/2011,5,14,35,41,47,49
8/27/2011,9,15,17,18,26,28
8/24/2011,4,6,7,19,32,39
8/20/2011,26,33,40,44,46,52
8/17/2011,1,8,15,44,46,47
8/13/2011,4,21,28,37,41,44
8/10/2011,8,36,46,47,48,52
8/6/2011,15,27,30,36,43,44
8/3/2011,14,21,22,24,44,48
7/30/2011,4,6,7,31,44,49
7/27/2011,13,19,23,38,42,51
7/23/2011,3,8,24,38,39,40
7/20/2011,5,8,12,18,31,36
7/16/2011,6,12,15,30,41,44
7/13/2011,25,28,38,42,44,48
7/9/2011,5,34,38,40,45,52
7/6/2011,3,4,6,39,48,52
7/2/2011,15,35,41,45,46,48
6/29/2011,10,30,36,41,49,51
6/25/2011,2,27,36,43,44,52
6/22/2011,2,6,19,31,36,39
6/18/2011,4,14,17,37,42,50
6/15/2011,15,36,42,46,48,53
6/11/2011,4,10,27,41,52,53
6/8/2011,5,30,34,44,47,49
6/4/2011,5,8,16,18,21,51
6/1/2011,8,14,15,34,41,42
5/28/2011,7,36,41,42,44,47
5/25/2011,1,5,13,24,28,52
5/21/2011,6,19,23,48,51,52
5/18/2011,15,23,29,40,43,48
5/14/2011,5,6,9,11,26,39
5/11/2011,1,5,8,29,30,46
5/7/2011,24,25,43,46,48,53
5/4/2011,6,13,22,27,37,50
4/30/2011,14,16,28,37,45,51
4/27/2011,16,20,26,27,37,53
4/23/2011,12,22,32,38,43,53
4/20/2011,4,20,40,43,46,53
4/16/2011,1,12,21,33,34,40
4/13/2011,1,8,15,32,40,43
4/9/2011,10,11,14,18,40,41
4/6/2011,2,15,21,22,24,45
4/2/2011,8,21,34,35,37,40
3/30/2011,3,9,10,20,31,52
3/26/2011,5,7,9,25,43,49
3/23/2011,7,10,21,33,39,41
3/19/2011,5,29,31,38,52,53
3/16/2011,1,2,5,41,49,50
3/12/2011,9,10,23,24,37,38
3/9/2011,6,9,17,38,43,52
3/5/2011,5,6,14,23,24,29
3/2/2011,3,7,11,19,40,41
2/26/2011,5,7,18,24,49,53
2/23/2011,4,11,32,38,40,49
2/19/2011,3,12,16,30,37,46
2/16/2011,8,16,17,26,45,47
2/12/2011,1,13,18,24,40,53
2/9/2011,3,11,24,29,35,51
2/5/2011,4,5,20,23,38,48
2/2/2011,14,24,29,30,51,52
1/29/2011,12,17,19,20,33,37
1/26/2011,7,18,19,23,35,52
1/22/2011,7,20,35,36,38,48
1/19/2011,9,12,14,33,35,52
1/15/2011,11,14,39,41,49,53
1/12/2011,4,5,12,19,23,49
1/8/2011,13,35,38,40,49,52
1/5/2011,11,16,19,21,37,45
1/1/2011,5,16,26,41,48,53
12/29/2010,17,25,28,45,47,48
12/25/2010,3,25,32,33,34,51
12/22/2010,6,12,16,37,46,52
12/18/2010,6,8,15,36,40,47
12/15/2010,3,4,21,25,35,40
12/11/2010,24,27,33,38,50,52
12/8/2010,4,14,23,42,46,50
12/4/2010,3,12,22,28,43,51
12/1/2010,16,20,32,43,48,52
11/27/2010,19,23,26,28,49,52
11/24/2010,15,29,37,40,42,43
11/20/2010,9,29,31,42,43,50
11/17/2010,8,11,13,35,38,39
11/13/2010,8,20,25,28,42,44
11/10/2010,2,15,24,34,39,52
11/6/2010,3,14,24,30,33,38
11/3/2010,15,29,38,47,50,51
10/30/2010,10,24,30,36,41,44
10/27/2010,8,11,14,25,33,39
10/23/2010,12,16,23,29,32,48
10/20/2010,1,4,6,37,38,51
10/16/2010,7,8,9,12,13,25
10/13/2010,1,2,32,35,38,47
10/9/2010,10,16,17,26,42,47
10/6/2010,20,24,29,30,36,53
10/2/2010,6,17,30,34,39,47
9/29/2010,4,17,18,19,45,47
9/25/2010,7,12,30,48,49,51
9/22/2010,3,4,5,7,19,30
9/18/2010,6,12,19,26,30,31
9/15/2010,2,10,16,27,48,49
9/11/2010,7,8,10,20,44,47
9/8/2010,4,15,23,24,42,46
9/4/2010,2,7,9,22,29,42
9/1/2010,23,33,35,37,51,52
8/28/2010,20,23,37,41,46,51
8/25/2010,7,9,11,34,40,47
8/21/2010,26,31,32,34,36,52
8/18/2010,2,3,5,22,41,45
8/14/2010,31,32,39,41,50,52
8/11/2010,4,15,27,29,33,50
8/7/2010,11,12,21,26,35,48
8/4/2010,6,8,26,28,36,50
7/31/2010,5,8,18,19,47,48
7/28/2010,4,7,9,11,30,41
7/24/2010,9,12,29,32,33,42
7/21/2010,4,5,23,32,37,47
7/17/2010,18,38,40,43,46,52
7/14/2010,13,21,25,26,37,46
7/10/2010,11,22,39,40,48,49
7/7/2010,2,5,9,20,26,38
7/3/2010,12,14,20,22,33,42
6/30/2010,5,9,12,17,31,46
6/26/2010,6,10,15,24,36,46
6/23/2010,1,7,19,22,26,29
6/19/2010,8,27,33,39,40,46
6/16/2010,6,8,21,24,41,53
6/12/2010,2,6,17,39,44,45
6/9/2010,17,25,29,40,47,49
6/5/2010,5,25,29,32,41,48
6/2/2010,6,12,29,41,44,48
5/29/2010,3,7,8,25,36,45
5/26/2010,2,3,25,30,35,40
5/22/2010,4,9,22,29,45,52
5/19/2010,5,26,38,43,50,53
5/15/2010,8,13,17,25,27,37
5/12/2010,4,11,22,31,34,37
5/8/2010,1,15,18,21,22,51
5/5/2010,5,7,24,27,29,31
5/1/2010,1,10,22,26,29,32
4/28/2010,5,15,29,37,39,52
4/24/2010,12,21,25,34,47,53
4/21/2010,14,22,27,49,50,52
4/17/2010,15,16,20,32,45,50
4/14/2010,7,9,10,24,32,52
4/10/2010,5,8,18,19,31,39
4/7/2010,11,19,26,28,31,47
4/3/2010,6,21,28,30,31,34
3/31/2010,23,29,32,34,41,44
3/27/2010,1,4,9,16,46,52
3/24/2010,9,10,20,25,27,39
3/20/2010,2,3,16,30,45,50
3/17/2010,8,10,18,21,31,40
3/13/2010,4,6,14,32,40,53
3/10/2010,5,12,20,21,42,48
3/6/2010,18,32,38,39,43,47
3/3/2010,21,33,34,38,43,44
2/27/2010,6,24,35,46,47,48
2/24/2010,7,16,24,39,49,53
2/20/2010,5,8,20,25,29,43
2/17/2010,23,34,42,44,47,53
2/13/2010,6,15,23,24,34,38
2/10/2010,16,19,25,39,48,52
2/6/2010,16,31,33,39,43,53
2/3/2010,6,9,11,30,31,51
1/30/2010,6,15,16,37,41,50
1/27/2010,1,23,29,39,40,45
1/23/2010,37,39,42,47,49,51
1/20/2010,4,11,15,22,23,27
1/16/2010,1,4,25,27,48,49
1/13/2010,3,4,12,20,40,43
1/9/2010,22,26,34,35,40,47
1/6/2010,2,8,14,19,22,29
1/2/2010,15,19,28,29,38,51
12/30/2009,5,13,24,35,41,46
12/26/2009,2,3,23,38,43,48
12/23/2009,14,27,30,33,37,38
12/19/2009,6,8,11,16,17,48
12/16/2009,6,15,25,37,40,52
12/12/2009,10,16,35,40,41,42
12/9/2009,5,33,46,47,49,52
12/5/2009,7,13,24,29,36,37
12/2/2009,1,11,35,37,38,47
11/28/2009,2,7,12,17,28,41
11/25/2009,2,3,36,38,43,52
11/21/2009,11,12,15,29,36,42
11/18/2009,1,3,4,8,13,43
11/14/2009,13,23,26,34,38,51
11/11/2009,2,19,25,26,36,40
11/7/2009,4,7,29,34,50,51
11/4/2009,5,13,22,38,40,49
10/31/2009,6,21,26,30,50,51
10/28/2009,14,15,17,30,33,53
10/24/2009,9,16,30,41,44,51
10/21/2009,2,9,13,17,39,44
10/17/2009,20,41,42,45,49,52
10/14/2009,4,8,12,17,19,28
10/10/2009,7,21,23,27,36,43
10/7/2009,6,36,37,41,48,50
10/3/2009,8,17,18,21,32,42
9/30/2009,17,22,29,42,46,52
9/26/2009,7,8,30,34,35,38
9/23/2009,25,27,29,32,47,52
9/19/2009,7,15,17,29,35,45
9/16/2009,5,23,30,35,46,50
9/12/2009,13,18,29,31,35,43
9/9/2009,8,18,28,31,33,46
9/5/2009,11,14,15,37,44,51
9/2/2009,3,14,28,32,34,35
8/29/2009,4,18,29,30,40,53
8/26/2009,3,22,32,35,43,48
8/22/2009,5,21,32,33,39,48
8/19/2009,14,16,17,19,43,45
8/15/2009,18,19,20,41,50,51
8/12/2009,8,11,19,25,46,52
8/8/2009,5,8,21,27,50,51
8/5/2009,19,20,28,36,45,49
8/1/2009,19,21,34,38,44,53
7/29/2009,6,7,12,20,24,36
7/25/2009,4,9,10,22,30,50
7/22/2009,4,10,11,17,18,29
7/18/2009,1,25,27,28,39,48
7/15/2009,1,4,24,37,44,46
7/11/2009,13,16,19,20,27,33
7/8/2009,4,19,23,40,44,50
7/4/2009,2,5,6,18,37,42
7/1/2009,13,23,30,38,40,53
6/27/2009,6,9,11,14,29,36
6/24/2009,3,15,19,24,37,51
6/20/2009,4,23,29,38,45,52
6/17/2009,18,38,41,43,50,53
6/13/2009,9,14,25,28,33,40
6/10/2009,18,21,23,35,45,52
6/6/2009,6,24,26,28,31,50
6/3/2009,5,16,26,29,41,48
5/30/2009,11,31,34,36,43,49
5/27/2009,6,9,19,27,28,50
5/23/2009,22,25,26,38,41,49
5/20/2009,16,36,37,41,45,46
5/16/2009,4,27,28,33,42,44
5/13/2009,5,11,12,31,37,46
5/9/2009,16,29,31,37,41,53
5/6/2009,11,13,14,15,16,34
5/2/2009,3,4,22,42,45,47
4/29/2009,1,3,9,11,22,26
4/25/2009,19,25,26,32,37,45
4/22/2009,6,9,18,36,46,53
4/18/2009,28,32,37,45,49,52
4/15/2009,3,32,34,39,44,51
4/11/2009,13,17,42,48,49,50
4/8/2009,5,7,31,39,44,45
4/4/2009,8,16,31,37,45,48
4/1/2009,5,16,18,19,20,37
3/28/2009,2,6,25,31,37,50
3/25/2009,2,6,11,18,38,48
3/21/2009,2,22,26,44,46,47
3/18/2009,8,14,22,26,33,51
3/14/2009,5,6,9,25,39,41
3/11/2009,7,16,17,34,44,47
3/7/2009,2,14,27,31,43,53
3/4/2009,1,5,8,36,37,44
2/28/2009,6,9,16,31,32,42
2/25/2009,11,19,43,44,47,53
2/21/2009,18,25,31,41,44,47
2/18/2009,8,10,11,14,23,36
2/14/2009,8,12,19,26,34,45
2/11/2009,4,8,13,36,37,39
2/7/2009,20,28,29,39,43,49
2/4/2009,2,9,11,17,23,49
1/31/2009,1,17,20,31,32,37
1/28/2009,7,10,12,27,35,51
1/24/2009,16,36,39,41,45,50
1/21/2009,23,28,30,40,43,47
1/17/2009,6,20,25,31,32,45
1/14/2009,8,17,24,34,40,41
1/10/2009,6,12,14,30,40,41
1/7/2009,2,5,13,28,31,41
1/3/2009,2,4,8,10,30,33
12/31/2008,1,9,10,21,33,35
12/27/2008,15,31,32,33,38,49
12/24/2008,7,12,27,29,42,45
12/20/2008,2,11,21,23,31,33
12/17/2008,3,6,18,24,31,36
12/13/2008,10,28,33,34,36,51
12/10/2008,13,15,21,41,42,44
12/6/2008,8,29,38,39,49,50
12/3/2008,18,27,33,34,36,42
11/29/2008,3,12,24,27,42,43
11/26/2008,4,19,29,32,44,49
11/22/2008,16,17,22,28,45,50
11/19/2008,1,6,10,38,46,49
11/15/2008,4,19,26,29,39,50
11/12/2008,7,11,20,30,45,53
11/8/2008,5,8,21,33,41,50
11/5/2008,12,13,36,38,44,51
11/1/2008,4,17,29,44,46,47
10/29/2008,4,8,11,15,46,53
10/25/2008,14,34,36,39,49,53
10/22/2008,4,6,26,27,33,45
10/18/2008,13,19,20,31,38,49
10/15/2008,7,12,17,19,42,53
10/11/2008,4,8,17,22,25,35
10/8/2008,7,18,20,27,37,51
10/4/2008,1,2,6,24,26,51
10/1/2008,11,23,33,39,40,49
9/27/2008,28,31,32,45,48,49
9/24/2008,5,8,16,20,28,51
9/20/2008,2,17,24,26,48,51
9/17/2008,4,8,37,41,43,48
9/13/2008,21,22,33,34,38,52
9/10/2008,4,14,22,44,50,52
9/6/2008,11,23,24,26,44,45
9/3/2008,4,6,9,22,30,53
8/30/2008,6,12,22,23,49,51
8/27/2008,2,9,30,34,39,53
8/23/2008,6,10,22,44,46,48
8/20/2008,2,11,12,39,42,43
8/16/2008,2,12,16,25,35,47
8/13/2008,5,7,13,26,27,52
8/9/2008,1,6,9,12,38,49
8/6/2008,7,9,22,23,27,43
8/2/2008,5,18,20,27,42,53
7/30/2008,3,6,9,14,29,46
7/26/2008,6,17,40,49,51,52
7/23/2008,8,9,10,29,37,47
7/19/2008,9,14,19,29,44,51
7/16/2008,1,10,20,23,41,51
7/12/2008,4,12,31,33,37,44
7/9/2008,18,20,27,38,48,51
7/5/2008,9,18,19,20,43,46
7/2/2008,8,9,10,29,38,53
6/28/2008,15,18,19,36,42,48
6/25/2008,7,9,21,22,44,47
6/21/2008,8,29,40,42,43,45
6/18/2008,5,6,17,23,26,38
6/14/2008,7,18,19,26,32,33
6/11/2008,24,41,42,46,47,52
6/7/2008,1,24,25,26,42,45
6/4/2008,4,6,8,22,37,40
5/31/2008,3,14,18,27,28,47
5/28/2008,1,14,17,32,40,46
5/24/2008,19,30,36,41,44,52
5/21/2008,12,13,17,22,41,53
5/17/2008,7,8,40,41,44,45
5/14/2008,9,17,30,36,45,49
5/10/2008,11,15,22,23,25,42
5/7/2008,2,14,15,25,46,52
5/3/2008,1,13,23,26,41,47
4/30/2008,6,11,29,30,41,48
4/26/2008,3,11,29,36,38,48
4/23/2008,4,10,19,34,38,45
4/19/2008,13,23,31,33,35,38
4/16/2008,1,33,34,40,41,53
4/12/2008,10,23,25,30,37,39
4/9/2008,19,22,23,32,36,47
4/5/2008,10,15,25,35,47,53
4/2/2008,1,4,11,24,42,53
3/29/2008,9,17,20,29,41,49
3/26/2008,6,10,26,37,46,50
3/22/2008,1,7,8,11,13,51
3/19/2008,23,25,27,28,33,44
3/15/2008,16,20,22,32,44,51
3/12/2008,22,29,31,36,46,51
3/8/2008,2,13,16,26,48,51
3/5/2008,4,10,20,27,34,52
3/1/2008,2,20,23,33,43,50
2/27/2008,6,9,18,29,52,53
2/23/2008,17,18,23,29,34,51
2/20/2008,10,12,20,25,28,39
2/16/2008,4,12,18,20,33,49
2/13/2008,2,20,25,26,28,30
2/9/2008,1,10,24,27,44,47
2/6/2008,20,21,36,42,48,53
2/2/2008,1,17,37,40,41,45
1/30/2008,13,16,28,30,38,50
1/26/2008,4,6,7,15,18,52
1/23/2008,4,25,33,40,41,45
1/19/2008,1,12,19,35,37,48
1/16/2008,4,11,29,39,47,51
1/12/2008,12,15,20,26,28,39
1/9/2008,1,21,27,31,34,52
1/5/2008,2,9,23,27,42,47
1/2/2008,7,16,27,39,47,53
12/29/2007,5,13,27,34,42,46
12/26/2007,6,15,23,32,33,38
12/22/2007,2,12,32,36,40,43
12/19/2007,7,13,16,28,38,47
12/15/2007,11,31,38,40,41,47
12/12/2007,9,27,31,38,41,43
12/8/2007,14,15,33,37,43,52
12/5/2007,2,28,35,37,50,51
12/1/2007,16,17,19,36,42,44
11/28/2007,6,23,35,36,38,50
11/24/2007,5,21,23,30,31,42
11/21/2007,4,5,13,31,47,50
11/17/2007,19,23,34,35,41,48
11/14/2007,7,10,15,20,22,38
11/10/2007,3,20,28,29,44,51
11/7/2007,3,25,35,41,46,53
11/3/2007,4,7,25,33,46,48
10/31/2007,8,13,16,17,40,46
10/27/2007,13,20,33,38,41,45
10/24/2007,8,29,30,41,42,46
10/20/2007,2,15,21,32,45,53
10/17/2007,6,31,32,41,44,47
10/13/2007,5,14,25,30,33,46
10/10/2007,10,11,18,28,37,50
10/6/2007,14,33,34,35,38,46
10/3/2007,5,14,17,28,36,39
9/29/2007,11,17,26,29,47,48
9/26/2007,7,9,12,14,41,44
9/22/2007,1,5,10,21,27,38
9/19/2007,19,23,28,34,35,46
9/15/2007,3,6,25,28,33,37
9/12/2007,10,21,22,37,42,49
9/8/2007,6,10,18,23,27,34
9/5/2007,3,12,18,19,24,45
9/1/2007,4,5,16,25,27,37
8/29/2007,1,2,15,16,42,44
8/25/2007,4,8,22,26,32,49
8/22/2007,22,31,32,36,48,51
8/18/2007,4,11,22,44,45,47
8/15/2007,7,8,37,49,51,53
8/11/2007,3,11,22,23,24,51
8/8/2007,3,4,10,29,30,38
8/4/2007,12,18,31,33,43,46
8/1/2007,1,12,14,27,38,42
7/28/2007,8,12,13,24,27,41
7/25/2007,1,20,37,42,44,45
7/21/2007,6,8,35,37,49,53
7/18/2007,18,24,27,32,38,46
7/14/2007,11,14,25,37,40,41
7/11/2007,7,19,29,30,36,50
7/7/2007,16,26,32,41,46,49
7/4/2007,12,31,34,37,48,52
6/30/2007,4,6,21,38,45,53
6/27/2007,8,13,14,32,43,48
6/23/2007,4,8,21,22,44,49
6/20/2007,6,31,34,44,45,49
6/16/2007,7,10,13,16,22,24
6/13/2007,8,15,26,28,29,32
6/9/2007,12,14,28,32,41,42
6/6/2007,3,15,19,22,47,53
6/2/2007,28,31,36,39,42,44
5/30/2007,6,9,11,44,45,52
5/26/2007,4,7,12,30,41,46
5/23/2007,5,9,25,31,50,53
5/19/2007,9,19,27,41,48,52
5/16/2007,3,16,23,39,47,49
5/12/2007,14,18,19,24,37,46
5/9/2007,9,19,22,27,33,53
5/5/2007,14,23,28,50,52,53
5/2/2007,1,6,13,21,22,39
4/28/2007,1,8,22,46,47,50
4/25/2007,4,7,14,26,28,34
4/21/2007,10,17,20,21,22,35
4/18/2007,1,5,20,23,31,38
4/14/2007,7,20,33,34,37,40
4/11/2007,2,5,12,19,26,43
4/7/2007,6,9,21,29,40,52
4/4/2007,3,13,19,22,49,53
3/31/2007,15,22,28,37,42,49
3/28/2007,1,15,24,38,39,50
3/24/2007,3,8,10,30,42,47
3/21/2007,2,23,29,32,37,50
3/17/2007,6,13,26,29,32,45
3/14/2007,5,7,25,36,38,50
3/10/2007,19,22,29,36,48,50
3/7/2007,14,20,22,44,50,52
3/3/2007,1,3,13,25,31,39
2/28/2007,9,23,26,28,36,53
2/24/2007,4,10,23,36,40,48
2/21/2007,12,14,16,23,26,45
2/17/2007,11,18,20,24,27,51
2/14/2007,7,11,14,34,42,48
2/10/2007,10,11,18,24,26,35
2/7/2007,6,20,22,24,32,41
2/3/2007,15,19,33,46,47,51
1/31/2007,2,3,6,7,27,45
1/27/2007,21,27,28,38,42,49
1/24/2007,3,5,17,19,35,39
1/20/2007,5,11,19,32,36,45
1/17/2007,13,14,28,33,34,45
1/13/2007,16,24,28,37,46,47
1/10/2007,3,10,26,40,41,52
1/6/2007,12,19,20,29,36,49
1/3/2007,8,24,33,36,50,51
12/30/2006,8,14,15,16,18,26
12/27/2006,10,30,39,41,48,49
12/23/2006,4,10,28,35,44,49
12/20/2006,4,34,35,36,39,52
12/16/2006,1,6,32,38,41,53
12/13/2006,18,23,26,40,43,45
12/9/2006,1,18,25,33,39,43
12/6/2006,9,11,17,18,45,46
12/2/2006,21,22,23,40,48,53
11/29/2006,9,14,25,37,42,52
11/25/2006,10,11,12,35,41,52
11/22/2006,21,31,45,47,48,52
11/18/2006,5,11,28,37,39,48
11/15/2006,6,12,13,34,42,52
11/11/2006,15,29,40,50,52,53
11/8/2006,23,24,28,32,33,39
11/4/2006,5,7,23,24,36,48
11/1/2006,1,24,28,34,49,51
10/28/2006,8,9,20,43,48,53
10/25/2006,13,20,27,33,41,43
10/21/2006,4,7,8,11,20,27
10/18/2006,3,5,23,35,36,42
10/14/2006,5,9,14,21,22,42
10/11/2006,12,15,24,30,40,48
10/7/2006,6,37,41,43,45,47
10/4/2006,7,8,27,28,30,33
9/30/2006,6,17,23,24,36,40
9/27/2006,3,7,8,10,22,42
9/23/2006,5,17,28,31,47,51
9/20/2006,13,15,29,35,45,49
9/16/2006,7,10,15,24,25,29
9/13/2006,4,10,11,26,27,39
9/9/2006,3,4,15,39,44,48
9/6/2006,10,12,23,27,50,53
9/2/2006,1,5,18,22,27,50
8/30/2006,6,10,11,31,36,52
8/26/2006,13,15,24,26,35,43
8/23/2006,5,10,22,25,39,45
8/19/2006,5,13,27,29,32,37
8/16/2006,3,6,21,25,27,32
8/12/2006,11,13,18,26,44,50
8/9/2006,14,20,30,31,33,34
8/5/2006,13,15,18,22,29,44
8/2/2006,3,9,18,38,39,41
7/29/2006,16,25,27,30,34,44
7/26/2006,1,6,17,30,42,49
7/22/2006,9,33,40,42,50,51
7/19/2006,3,29,32,44,48,50
7/15/2006,13,27,30,33,34,40
7/12/2006,9,27,28,30,42,51
7/8/2006,4,7,25,37,45,51
7/5/2006,1,7,8,11,14,52
7/1/2006,2,13,16,34,36,43
6/28/2006,17,26,30,39,49,50
6/24/2006,7,15,38,46,47,50
6/21/2006,6,14,31,32,48,51
6/17/2006,10,12,28,38,39,49
6/14/2006,5,15,16,18,21,36
6/10/2006,7,15,30,31,34,35
6/7/2006,15,24,29,32,51,53
6/3/2006,1,12,23,26,37,46
5/31/2006,14,24,30,34,43,44
5/27/2006,2,3,8,33,40,51
5/24/2006,3,12,19,23,28,35
5/20/2006,15,20,23,30,34,41
5/17/2006,2,4,8,16,24,46
5/13/2006,1,5,12,27,33,52
5/10/2006,12,14,20,39,42,49
5/6/2006,7,24,28,38,50,53
5/3/2006,4,7,9,12,18,22
4/29/2006,15,17,21,27,29,43
4/26/2006,1,28,30,39,49,50
4/22/2006,5,10,23,31,43,47
4/19/2006,12,13,17,27,32,36
4/15/2006,2,4,12,35,44,46
4/12/2006,5,9,19,26,45,46
4/8/2006,9,19,24,47,48,51
4/5/2006,13,30,32,37,40,46
4/1/2006,21,25,36,39,43,51
3/29/2006,2,7,12,20,26,45
3/25/2006,5,6,37,40,44,51
3/22/2006,1,9,28,36,44,48
3/18/2006,4,21,28,44,48,49
3/15/2006,14,15,29,46,49,52
3/11/2006,7,10,13,25,29,32
3/8/2006,10,11,23,29,41,45
3/4/2006,11,17,20,27,35,38
3/1/2006,2,7,13,36,37,45
2/25/2006,17,29,32,47,48,52
2/22/2006,26,31,34,44,46,53
2/18/2006,5,26,34,40,41,49
2/15/2006,7,11,23,24,25,29
2/11/2006,7,10,11,30,37,39
2/8/2006,2,16,24,30,39,40
2/4/2006,7,20,21,33,39,51
2/1/2006,15,27,32,33,34,45
1/28/2006,20,26,28,30,32,45
1/25/2006,8,12,16,23,38,41
1/21/2006,5,24,25,33,38,43
1/18/2006,13,26,30,32,37,42
1/14/2006,8,21,29,35,41,43
1/11/2006,15,22,29,31,35,51
1/7/2006,1,3,6,11,14,50
1/4/2006,7,10,29,33,34,41
12/31/2005,1,8,12,19,38,53
12/28/2005,1,22,26,29,31,39
12/24/2005,1,22,26,40,48,50
12/21/2005,3,4,5,9,44,51
12/17/2005,9,10,16,22,25,28
12/14/2005,8,12,38,44,47,50
12/10/2005,11,19,33,36,43,44
12/7/2005,2,7,10,14,16,43
12/3/2005,11,24,25,26,29,51
11/30/2005,3,13,15,29,35,50
11/26/2005,6,19,37,49,51,53
11/23/2005,6,18,21,23,35,36
11/19/2005,5,10,27,44,45,50
11/16/2005,6,8,18,39,45,51
11/12/2005,1,8,32,34,49,52
11/9/2005,1,3,6,18,44,49
11/5/2005,2,3,16,21,36,39
11/2/2005,16,39,43,46,49,50
10/29/2005,10,25,29,40,43,48
10/26/2005,17,33,34,46,49,52
10/22/2005,4,19,27,35,43,48
10/19/2005,3,27,34,36,42,44
10/15/2005,6,11,16,24,40,52
10/12/2005,17,22,25,30,43,52
10/8/2005,13,20,22,30,39,48
10/5/2005,14,19,28,31,36,40
10/1/2005,5,15,29,38,45,49
9/28/2005,17,18,25,36,39,45
9/24/2005,9,11,18,27,38,39
9/21/2005,16,30,35,38,44,53
9/17/2005,10,42,45,47,52,53
9/14/2005,3,6,11,15,39,51
9/10/2005,7,20,40,41,43,47
9/7/2005,1,15,21,40,46,49
9/3/2005,9,11,18,27,40,51
8/31/2005,3,13,14,19,23,53
8/27/2005,2,14,21,23,32,34
8/24/2005,6,7,13,29,44,53
8/20/2005,22,30,37,42,44,51
8/17/2005,24,28,31,32,34,52
8/13/2005,6,19,21,27,40,51
8/10/2005,2,20,22,32,40,44
8/6/2005,16,22,25,28,39,53
8/3/2005,4,11,21,30,32,46
7/30/2005,19,22,24,29,30,34
7/27/2005,7,9,26,32,40,51
7/23/2005,1,8,15,36,37,44
7/20/2005,1,6,9,16,22,43
7/16/2005,1,20,33,35,37,48
7/13/2005,4,13,21,33,34,47
7/9/2005,6,8,18,32,38,45
7/6/2005,1,11,18,24,25,47
7/2/2005,1,15,22,30,48,51
6/29/2005,1,3,6,11,27,44
6/25/2005,6,8,16,28,46,48
6/22/2005,5,14,22,35,41,42
6/18/2005,1,5,18,20,22,47
6/15/2005,2,20,22,30,31,51
6/11/2005,2,7,9,12,20,23
6/8/2005,17,21,22,40,43,45
6/4/2005,9,11,16,22,44,52
6/1/2005,18,19,21,34,36,49
5/28/2005,7,18,23,25,31,32
5/25/2005,13,32,33,34,47,49
5/21/2005,2,16,17,18,20,29
5/18/2005,14,20,21,29,36,44
5/14/2005,5,10,16,21,47,53
5/11/2005,4,5,9,17,19,30
5/7/2005,3,25,29,47,50,53
5/4/2005,10,19,22,33,34,44
4/30/2005,8,18,20,31,45,50
4/27/2005,2,25,26,27,30,37
4/23/2005,9,12,14,18,19,23
4/20/2005,1,7,25,30,41,46
4/16/2005,5,11,23,31,39,48
4/13/2005,8,9,10,31,47,50
4/9/2005,10,15,23,28,35,49
4/6/2005,3,11,18,29,52,53
4/2/2005,12,13,16,28,30,44
3/30/2005,1,19,37,38,46,53
3/26/2005,6,12,15,41,42,52
3/23/2005,5,13,23,33,43,46
3/19/2005,18,30,37,39,42,45
3/16/2005,5,30,31,36,41,43
3/12/2005,3,4,19,29,34,37
3/9/2005,2,4,26,32,39,52
3/5/2005,2,17,18,39,41,43
3/2/2005,5,12,19,25,40,43
2/26/2005,1,20,27,32,38,51
2/23/2005,4,13,17,18,25,38
2/19/2005,7,13,26,28,34,43
2/16/2005,6,7,8,35,48,52
2/12/2005,3,17,19,28,33,48
2/9/2005,9,11,29,39,45,47
2/5/2005,3,5,13,15,21,26
2/2/2005,4,8,22,25,29,42
1/29/2005,4,14,15,30,43,50
1/26/2005,1,10,12,22,32,35
1/22/2005,7,24,33,35,40,43
1/19/2005,15,19,22,32,41,51
1/15/2005,21,31,46,47,50,52
1/12/2005,1,2,6,13,15,42
1/8/2005,4,25,28,30,39,43
1/5/2005,2,9,21,22,33,49
1/1/2005,11,21,32,35,42,46
12/29/2004,19,20,21,28,38,50
12/25/2004,11,12,18,42,44,53
12/22/2004,1,2,16,29,35,36
12/18/2004,1,26,35,38,46,52
12/15/2004,17,21,29,35,51,52
12/11/2004,10,33,38,39,41,44
12/8/2004,13,26,34,38,46,48
12/4/2004,6,7,13,41,46,50
12/1/2004,2,20,39,44,49,52
11/27/2004,4,12,14,30,42,46
11/24/2004,7,8,28,29,31,33
11/20/2004,10,15,22,39,46,52
11/17/2004,6,10,20,33,35,51
11/13/2004,10,14,25,27,42,52
11/10/2004,1,16,34,35,41,47
11/6/2004,3,13,31,33,37,48
11/3/2004,12,13,22,32,37,39
10/30/2004,10,13,28,30,31,51
10/27/2004,6,7,26,39,40,42
10/23/2004,5,22,27,37,40,52
10/20/2004,8,10,24,26,48,49
10/16/2004,13,20,24,34,36,50
10/13/2004,10,26,27,42,48,50
10/9/2004,3,25,28,40,47,49
10/6/2004,2,21,23,30,36,48
10/2/2004,6,8,16,36,38,52
9/29/2004,1,7,22,26,35,50
9/25/2004,4,7,18,20,25,32
9/22/2004,11,17,26,36,37,48
9/18/2004,2,4,16,31,32,43
9/15/2004,1,17,22,29,34,40
9/11/2004,8,12,29,39,42,45
9/8/2004,8,20,30,34,43,50
9/4/2004,1,6,8,11,12,37
9/1/2004,7,9,11,18,31,40
8/28/2004,10,23,36,39,46,53
8/25/2004,3,8,14,17,41,43
8/21/2004,16,17,19,30,46,48
8/18/2004,6,9,22,31,44,49
8/14/2004,3,4,6,20,48,51
8/11/2004,3,10,13,25,35,44
8/7/2004,7,14,15,18,25,28
8/4/2004,1,16,17,26,28,40
7/31/2004,6,12,14,45,50,52
7/28/2004,7,8,9,12,32,44
7/24/2004,15,19,20,28,34,48
7/21/2004,9,11,23,33,36,43
7/17/2004,3,12,25,36,46,47
7/14/2004,19,20,28,34,36,45
7/10/2004,8,16,23,33,36,44
7/7/2004,16,29,32,42,45,47
7/3/2004,12,16,28,48,49,51
6/30/2004,2,17,21,24,29,31
6/26/2004,4,12,18,28,32,35
6/23/2004,17,18,19,27,33,51
6/19/2004,5,17,34,35,36,41
6/16/2004,12,21,37,39,43,47
6/12/2004,8,11,15,20,22,24
6/9/2004,12,18,28,34,43,49
6/5/2004,12,16,24,36,42,53
6/2/2004,8,22,35,37,38,53
5/29/2004,17,23,26,30,39,44
5/26/2004,6,12,15,26,33,47
5/22/2004,2,14,15,25,47,49
5/19/2004,13,15,17,33,39,44
5/15/2004,4,12,18,25,31,48
5/12/2004,15,18,29,37,48,51
5/8/2004,2,10,16,18,21,27
5/5/2004,3,4,12,21,23,27
5/1/2004,11,13,18,29,41,51
4/28/2004,9,21,22,25,50,53
4/24/2004,12,15,25,30,33,47
4/21/2004,11,20,24,43,44,49
4/17/2004,1,13,22,36,42,47
4/14/2004,3,17,20,40,47,48
4/10/2004,4,13,16,25,42,52
4/7/2004,5,19,22,34,43,53
4/3/2004,16,23,30,36,41,49
3/31/2004,4,6,13,16,22,24
3/27/2004,15,21,41,43,49,52
3/24/2004,5,8,18,35,44,52
3/20/2004,6,27,28,35,46,48
3/17/2004,3,15,34,45,47,50
3/13/2004,15,25,33,40,42,51
3/10/2004,10,11,14,21,30,34
3/6/2004,9,11,25,42,44,48
3/3/2004,4,8,9,11,47,51
2/28/2004,12,13,20,27,33,43
2/25/2004,24,36,37,41,42,53
2/21/2004,12,18,20,37,42,49
2/18/2004,2,14,17,45,47,51
2/14/2004,3,5,21,27,31,50
2/11/2004,10,13,20,30,43,45
2/7/2004,1,11,28,39,42,49
2/4/2004,13,22,32,38,40,44
1/31/2004,10,18,25,26,28,41
1/28/2004,2,8,37,43,47,52
1/24/2004,2,13,14,44,45,49
1/21/2004,3,7,14,27,38,40
1/17/2004,2,12,40,41,44,46
1/14/2004,3,10,11,28,42,49
1/10/2004,3,4,13,15,41,42
1/7/2004,4,11,20,23,41,44
1/3/2004,2,5,17,26,41,53
12/31/2003,4,23,24,38,39,42
12/27/2003,5,10,12,18,22,48
12/24/2003,1,20,21,23,26,36
12/20/2003,3,14,21,32,41,45
12/17/2003,4,8,10,27,28,43
12/13/2003,1,4,8,12,45,48
12/10/2003,11,17,30,35,46,53
12/6/2003,13,17,33,34,40,49
12/3/2003,1,5,12,20,33,46
11/29/2003,2,3,15,21,33,41
11/26/2003,3,11,15,22,41,52
11/22/2003,11,15,17,26,44,47
11/19/2003,11,19,20,32,47,48
11/15/2003,9,18,24,30,35,42
11/12/2003,12,15,17,18,25,35
11/8/2003,2,3,11,46,47,51
11/5/2003,7,15,19,30,34,41
11/1/2003,14,20,24,29,31,47
10/29/2003,11,12,30,40,52,53
10/25/2003,6,10,19,27,34,47
10/22/2003,8,19,30,31,35,49
10/18/2003,4,27,31,42,45,48
10/15/2003,20,21,37,39,42,44
10/11/2003,11,16,17,38,44,50
10/8/2003,1,4,6,16,32,39
10/4/2003,4,7,15,25,38,40
10/1/2003,5,25,29,46,49,51
9/27/2003,12,25,26,36,44,48
9/24/2003,1,4,6,34,35,39
9/20/2003,17,31,33,38,44,53
9/17/2003,25,28,40,46,52,53
9/13/2003,2,7,18,26,32,46
9/10/2003,13,19,28,38,40,41
9/6/2003,5,6,9,26,30,51
9/3/2003,2,16,21,35,37,42
8/30/2003,7,15,24,40,44,50
8/27/2003,16,25,33,37,38,50
8/23/2003,7,8,16,19,47,52
8/20/2003,4,19,22,25,45,52
8/16/2003,9,11,33,43,46,53
8/13/2003,1,7,12,39,40,46
8/9/2003,1,10,24,28,29,32
8/6/2003,2,6,30,33,36,37
8/2/2003,3,18,31,33,37,47
7/30/2003,16,18,22,38,44,50
7/26/2003,12,13,21,31,37,47
7/23/2003,6,9,11,32,45,50
7/19/2003,5,10,17,37,38,44
7/16/2003,18,28,32,33,42,47
7/12/2003,4,13,32,36,48,50
7/9/2003,3,12,15,26,28,45
7/5/2003,1,3,28,38,40,43
7/2/2003,20,22,26,35,43,52
6/28/2003,8,11,24,39,41,46
6/25/2003,7,20,23,30,31,34
6/21/2003,7,8,9,38,39,40
6/18/2003,3,8,14,17,27,28
6/14/2003,6,18,19,21,25,40
6/11/2003,5,32,35,41,51,53
6/7/2003,16,17,19,42,51,53
6/4/2003,6,7,21,28,45,50
5/31/2003,3,25,34,37,38,43
5/28/2003,8,13,19,24,27,47
5/24/2003,23,25,30,35,43,53
5/21/2003,6,7,9,27,28,44
5/17/2003,7,10,14,15,31,33
5/14/2003,6,8,16,30,35,52
5/10/2003,10,20,31,33,34,48
5/7/2003,16,35,36,38,40,46
5/3/2003,4,11,18,21,42,48
4/30/2003,6,10,16,41,45,49
4/26/2003,17,22,28,39,43,47
4/23/2003,13,21,30,34,49,51
4/19/2003,15,18,28,45,46,52
4/16/2003,2,31,35,42,45,52
4/12/2003,3,6,10,11,13,25
4/9/2003,2,15,39,40,43,50
4/5/2003,2,24,29,34,37,53
4/2/2003,2,13,17,29,36,42
3/29/2003,13,22,25,30,47,52
3/26/2003,3,8,13,23,36,48
3/22/2003,6,12,16,19,28,32
3/19/2003,21,22,44,45,46,53
3/15/2003,1,11,22,30,47,53
3/12/2003,22,23,35,45,50,53
3/8/2003,5,6,8,22,51,53
3/5/2003,3,25,40,42,47,50
3/1/2003,24,26,35,37,41,52
2/26/2003,3,8,9,18,42,44
2/22/2003,5,15,16,24,33,35
2/19/2003,4,10,27,34,50,52
2/15/2003,1,3,30,35,48,49
2/12/2003,8,20,23,24,30,40
2/8/2003,2,10,19,31,36,38
2/5/2003,3,12,14,16,38,42
2/1/2003,3,5,8,18,23,50
1/29/2003,1,5,16,24,51,53
1/25/2003,8,9,19,21,33,35
1/22/2003,9,25,33,36,38,39
1/18/2003,7,22,24,25,31,44
1/15/2003,11,16,23,37,38,43
1/11/2003,10,21,26,47,48,53
1/8/2003,1,27,29,31,51,52
1/4/2003,14,15,19,30,31,35
1/1/2003,20,28,34,35,38,45
12/28/2002,22,23,29,35,38,50
12/25/2002,7,13,21,29,39,47
12/21/2002,9,20,21,34,37,47
12/18/2002,2,4,19,24,26,45
12/14/2002,6,14,18,36,39,45
12/11/2002,8,10,15,24,48,53
12/7/2002,1,3,7,32,34,49
12/4/2002,15,27,29,34,38,48
11/30/2002,5,7,12,13,43,49
11/27/2002,4,5,17,28,32,37
11/23/2002,1,22,23,34,36,39
11/20/2002,12,17,21,23,39,44
11/16/2002,1,2,9,15,23,40
11/13/2002,12,22,27,32,38,44
11/9/2002,4,15,24,25,36,44
11/6/2002,5,9,12,21,27,38
11/2/2002,1,7,11,29,37,40
10/30/2002,5,19,20,23,29,31
10/26/2002,11,20,25,37,48,51
10/23/2002,16,17,30,31,41,49
10/19/2002,11,27,30,36,43,52
10/16/2002,3,34,36,37,40,51
10/12/2002,17,20,32,41,50,52
10/9/2002,10,20,26,40,41,47
10/5/2002,9,15,16,26,28,42
10/2/2002,6,12,13,14,24,40
9/28/2002,13,28,32,36,37,38
9/25/2002,4,7,21,26,39,50
9/21/2002,7,11,21,25,36,43
9/18/2002,6,8,17,25,33,53
9/14/2002,4,9,17,20,26,34
9/11/2002,7,18,25,32,49,53
9/7/2002,10,16,22,29,36,41
9/4/2002,21,22,30,32,40,43
8/31/2002,22,27,40,41,46,51
8/28/2002,11,31,38,45,46,48
8/24/2002,4,6,13,30,32,34
8/21/2002,12,20,28,32,35,42
8/17/2002,8,10,12,27,36,42
8/14/2002,9,25,28,35,38,50
8/10/2002,5,9,17,28,29,36
8/7/2002,15,18,28,33,40,46
8/3/2002,2,15,17,36,39,51
7/31/2002,8,15,28,47,49,51
7/27/2002,11,12,17,23,26,39
7/24/2002,8,25,35,38,45,51
7/20/2002,4,9,19,30,31,50
7/17/2002,4,8,14,17,24,40
7/13/2002,1,5,10,16,19,20
7/10/2002,12,14,15,19,40,44
7/6/2002,3,8,21,37,41,52
7/3/2002,6,12,35,36,48,51
6/29/2002,1,2,15,17,36,47
6/26/2002,4,10,20,29,41,50
6/22/2002,6,10,12,14,28,44
6/19/2002,4,10,14,33,48,52
6/15/2002,10,14,28,50,51,52
6/12/2002,9,13,18,42,47,51
6/8/2002,4,9,13,14,26,50
6/5/2002,2,30,32,41,44,52
6/1/2002,7,10,27,45,47,52
5/29/2002,1,6,20,24,37,50
5/25/2002,3,4,6,25,44,53
5/22/2002,7,16,22,42,43,44
5/18/2002,10,12,14,22,42,44
5/15/2002,9,14,23,24,27,28
5/11/2002,2,6,9,13,49,50
5/8/2002,6,9,18,47,49,53
5/4/2002,23,29,32,35,41,44
5/1/2002,5,18,22,30,32,33
4/27/2002,21,23,25,26,31,48
4/24/2002,8,17,25,49,50,53
4/20/2002,7,16,26,35,38,45
4/17/2002,1,31,33,42,43,50
4/13/2002,7,17,18,21,37,52
4/10/2002,2,8,16,23,24,35
4/6/2002,5,7,16,19,25,30
4/3/2002,1,9,26,28,30,38
3/30/2002,1,3,5,38,45,49
3/27/2002,2,7,17,31,33,50
3/23/2002,11,19,29,31,32,39
3/20/2002,14,19,21,24,28,31
3/16/2002,29,33,37,40,46,52
3/13/2002,19,25,42,43,46,53
3/9/2002,21,31,32,38,42,52
3/6/2002,9,25,26,36,48,51
3/2/2002,20,25,30,38,41,52
2/27/2002,1,10,17,18,26,39
2/23/2002,14,18,20,31,32,35
2/20/2002,15,26,35,39,48,53
2/16/2002,10,11,17,20,27,28
2/13/2002,15,16,21,26,35,49
2/9/2002,2,24,38,40,43,50
2/6/2002,1,12,28,39,43,47
2/2/2002,14,15,30,39,51,52
1/30/2002,3,4,21,24,36,48
1/26/2002,6,14,18,23,46,50
1/23/2002,4,6,16,28,34,51
1/19/2002,33,36,41,45,46,50
1/16/2002,14,25,29,31,37,45
1/12/2002,2,7,10,36,43,50
1/9/2002,4,18,28,47,49,51
1/5/2002,5,8,20,29,41,49
1/2/2002,4,23,25,30,43,52
12/29/2001,1,4,23,27,30,43
12/26/2001,2,4,13,14,24,29
12/22/2001,13,20,23,25,31,52
12/19/2001,27,30,37,43,49,52
12/15/2001,10,19,27,33,48,53
12/12/2001,21,30,38,39,41,51
12/8/2001,2,8,22,28,29,36
12/5/2001,1,17,20,47,50,51
12/1/2001,15,28,34,39,45,47
11/28/2001,4,8,12,21,41,53
11/24/2001,1,3,8,15,22,26
11/21/2001,1,19,27,36,43,47
11/17/2001,19,24,41,43,48,53
11/14/2001,3,12,21,24,41,49
11/10/2001,3,16,27,32,44,51
11/7/2001,4,5,30,46,48,52
11/3/2001,12,17,31,32,44,49
10/31/2001,5,10,21,29,41,48
10/27/2001,1,15,27,36,40,42
10/24/2001,1,3,5,24,33,45
10/20/2001,7,15,16,24,34,38
10/17/2001,26,30,41,42,45,46
10/13/2001,3,14,18,23,24,26
10/10/2001,21,31,37,39,43,50
10/6/2001,3,4,9,38,42,43
10/3/2001,14,20,27,37,45,50
9/29/2001,4,29,31,32,49,53
9/26/2001,6,18,31,38,50,53
9/22/2001,1,17,23,39,44,53
9/19/2001,9,25,27,38,43,52
9/15/2001,17,19,21,24,49,53
9/12/2001,7,16,28,46,47,49
9/8/2001,2,11,25,29,30,35
9/5/2001,3,9,10,24,33,35
9/1/2001,6,17,26,43,45,50
8/29/2001,18,28,31,32,46,49
8/25/2001,1,9,37,42,44,46
8/22/2001,9,11,15,29,31,47
8/18/2001,1,4,17,32,52,53
8/15/2001,4,15,25,28,34,51
8/11/2001,13,23,27,43,44,50
8/8/2001,5,8,11,13,23,40
8/4/2001,4,5,20,38,40,49
8/1/2001,15,24,28,32,50,51
7/28/2001,7,31,36,42,43,50
7/25/2001,13,18,28,29,30,31
7/21/2001,18,27,37,40,43,46
7/18/2001,4,20,39,41,46,50
7/14/2001,7,10,15,35,41,45
7/11/2001,2,18,36,37,43,47
7/7/2001,5,18,29,33,49,53
7/4/2001,16,18,20,21,25,27
6/30/2001,2,3,7,30,49,52
6/27/2001,15,25,26,34,41,42
6/23/2001,1,7,12,16,18,32
6/20/2001,4,21,36,38,45,48
6/16/2001,2,14,27,28,35,40
6/13/2001,2,11,13,25,37,49
6/9/2001,5,9,24,26,40,41
6/6/2001,3,15,19,41,42,51
6/2/2001,3,9,10,22,23,43
5/30/2001,9,10,27,29,37,39
5/26/2001,1,18,26,27,41,47
5/23/2001,2,5,18,23,30,51
5/19/2001,16,22,27,32,46,50
5/16/2001,3,13,16,28,37,42
5/12/2001,3,6,26,27,29,44
5/9/2001,9,22,24,38,49,52
5/5/2001,4,31,37,38,40,51
5/2/2001,2,9,14,22,45,47
4/28/2001,2,5,17,22,29,51
4/25/2001,6,26,28,32,35,42
4/21/2001,5,24,39,41,46,50
4/18/2001,7,15,17,27,37,51
4/14/2001,6,9,13,25,27,47
4/11/2001,1,9,16,38,42,44
4/7/2001,3,4,7,18,26,42
4/4/2001,15,30,37,38,45,47
3/31/2001,1,12,13,14,30,49
3/28/2001,10,17,28,31,45,47
3/24/2001,1,8,17,20,29,36
3/21/2001,6,16,18,26,31,43
3/17/2001,10,12,18,26,32,48
3/14/2001,1,14,32,36,37,48
3/10/2001,11,18,26,28,32,40
3/7/2001,32,35,38,40,50,52
3/3/2001,4,13,28,40,45,50
2/28/2001,2,17,27,31,34,52
2/24/2001,3,10,18,20,25,27
2/21/2001,9,11,30,37,39,49
2/17/2001,4,5,33,44,46,50
2/14/2001,10,19,22,32,37,39
2/10/2001,11,17,21,36,42,52
2/7/2001,8,13,37,49,50,51
2/3/2001,10,21,22,30,33,52
1/31/2001,3,6,13,19,38,52
1/27/2001,3,7,21,33,38,46
1/24/2001,18,22,28,40,44,49
1/20/2001,1,10,16,23,32,43
1/17/2001,2,29,38,39,43,48
1/13/2001,3,25,36,38,41,53
1/10/2001,7,15,26,30,32,35
1/6/2001,15,17,19,22,26,44
1/3/2001,18,27,30,31,36,38
12/30/2000,26,41,45,48,51,52
12/27/2000,5,22,23,29,43,45
12/23/2000,8,27,29,34,37,47
12/20/2000,3,20,28,37,49,52
12/16/2000,14,22,29,31,39,43
12/13/2000,7,8,9,16,34,39
12/9/2000,35,38,40,45,47,50
12/6/2000,3,10,25,37,48,52
12/2/2000,5,21,26,36,46,48
11/29/2000,4,7,9,11,29,49
11/25/2000,5,10,26,46,49,50
11/22/2000,15,17,33,38,44,53
11/18/2000,7,15,19,23,46,49
11/15/2000,7,23,27,31,40,46
11/11/2000,6,8,18,21,27,43
11/8/2000,7,25,38,42,43,49
11/4/2000,3,7,18,30,38,41
11/1/2000,11,21,32,38,39,48
10/28/2000,8,24,47,48,50,53
10/25/2000,13,27,28,34,48,50
10/21/2000,11,12,22,27,32,44
10/18/2000,2,14,19,27,28,43
10/14/2000,6,31,42,44,46,52
10/11/2000,17,26,27,33,38,39
10/7/2000,23,25,28,30,36,40
10/4/2000,11,13,18,21,39,40
9/30/2000,19,29,30,35,52,53
9/27/2000,12,16,26,34,40,50
9/23/2000,11,13,30,39,48,50
9/20/2000,1,5,21,33,43,48
9/16/2000,9,16,23,39,44,47
9/13/2000,6,12,20,35,44,46
9/9/2000,6,13,19,34,35,41
9/6/2000,4,6,8,12,37,52
9/2/2000,4,5,12,13,36,52
8/30/2000,7,11,14,17,26,45
8/26/2000,4,17,27,46,48,51
8/23/2000,1,2,9,38,44,47
8/19/2000,21,23,26,32,34,42
8/16/2000,24,30,31,42,46,49
8/12/2000,7,9,10,24,43,45
8/9/2000,25,26,28,37,42,52
8/5/2000,2,10,31,34,48,53
8/2/2000,5,13,16,28,29,41
7/29/2000,22,27,35,37,51,53
7/26/2000,4,26,30,36,51,52
7/22/2000,9,10,14,26,34,42
7/19/2000,17,23,25,28,48,49
7/15/2000,10,15,17,28,42,43
7/12/2000,13,20,28,31,33,52
7/8/2000,11,14,20,36,43,47
7/5/2000,5,18,24,26,28,31
7/1/2000,3,16,30,35,43,45
6/28/2000,5,12,14,16,18,37
6/24/2000,4,6,33,37,38,53
6/21/2000,4,8,28,41,45,53
6/17/2000,6,8,10,17,35,49
6/14/2000,1,4,20,35,37,38
6/10/2000,4,5,25,32,33,50
6/7/2000,6,24,28,37,43,51
6/3/2000,5,15,33,40,46,52
5/31/2000,8,12,15,21,26,39
5/27/2000,30,35,38,44,51,52
5/24/2000,3,15,26,30,35,40
5/20/2000,9,14,16,28,37,38
5/17/2000,9,12,40,42,48,52
5/13/2000,7,15,18,26,47,48
5/10/2000,3,7,16,28,30,52
5/6/2000,2,8,9,20,36,38
5/3/2000,14,21,30,37,41,50
4/29/2000,4,25,32,43,45,46
4/26/2000,4,21,24,27,32,52
4/22/2000,15,16,22,40,44,52
4/19/2000,4,8,11,21,34,45
4/15/2000,10,17,20,29,42,47
4/12/2000,7,13,21,36,50,53
4/8/2000,1,7,15,22,32,43
4/5/2000,2,8,11,13,26,30
4/1/2000,2,12,16,20,27,37
3/29/2000,5,12,24,28,34,38
3/25/2000,7,18,23,25,40,42
3/22/2000,9,13,15,17,34,47
3/18/2000,1,7,14,15,45,49
3/15/2000,1,5,24,29,39,50
3/11/2000,3,4,23,35,44,46
3/8/2000,5,8,26,40,41,52
3/4/2000,8,15,18,34,43,50
3/1/2000,2,13,18,19,33,38
2/26/2000,13,17,24,27,28,51
2/23/2000,2,21,28,32,44,51
2/19/2000,11,30,33,38,44,52
2/16/2000,1,23,26,35,38,45
2/12/2000,3,8,10,19,28,45
2/9/2000,2,3,10,16,17,21
2/5/2000,13,21,27,47,49,51
2/2/2000,1,12,24,34,38,44
1/29/2000,8,11,14,17,49,51
1/26/2000,16,23,27,28,38,42
1/22/2000,11,15,16,25,36,42
1/19/2000,1,2,3,17,28,39
1/15/2000,15,19,23,27,39,48
1/12/2000,7,32,33,35,37,46
1/8/2000,6,19,20,23,26,51
1/5/2000,5,17,30,38,42,50
1/1/2000,8,14,19,26,36,47
12/29/1999,13,16,19,25,38,47
12/25/1999,4,12,23,32,41,42
12/22/1999,7,13,18,24,29,39
12/18/1999,3,12,14,44,46,52
12/15/1999,6,18,32,36,46,48
12/11/1999,11,14,17,19,28,34
12/8/1999,12,13,15,27,31,40
12/4/1999,8,12,15,28,41,47
12/1/1999,2,5,18,34,47,52
11/27/1999,16,21,22,24,45,50
11/24/1999,11,18,20,23,33,48
11/20/1999,11,14,25,26,31,34
11/17/1999,5,13,39,47,51,52
11/13/1999,4,14,28,35,36,50
11/10/1999,15,17,27,30,45,53
11/6/1999,5,6,29,46,48,53
11/3/1999,8,20,23,30,43,49
10/30/1999,1,10,18,27,29,36
10/27/1999,11,16,17,22,33,53
